date,amount_rm,description
2026-04-01,281.50,TRANSFER FR A/C COLLECTIVE PROJECT IV-01927 CelsiusCoffee C
2026-04-01,672.00,TRANSFER FR A/C MILK & MOKA MARKETI IVCT-00010044 CelsiusCoffee SA
2026-04-01,188.50,TRANSFER FR A/C COLLECTIVE PROJECT IV-01929 CelsiusCoffee SA
2026-04-01,670.00,TRANSFER FR A/C PXL MARKETING SDN B 147169 CELSIUSCOFFEE T
2026-04-01,336.00,TRANSFER FR A/C MILK & MOKA MARKETI IVCT-00010060 CelsiusCoffee C
2026-04-01,181.00,TRANSFER FR A/C CATELUX ENTERPRISE F260315242 CELSIUSCOFFEE SA
2026-04-01,426.00,TRANSFER FR A/C ARYZTA FOOD SOLUTIO INV0836846 CELSIUSCOFFEE SA
2026-04-01,191.45,TRANSFER FR A/C ARIFF IZHAM BIN ABD 2026/0019 CelsiusCoffee
2026-04-01,670.00,TRANSFER FR A/C PXL MARKETING SDN B 147170 CELSIUSCOFFEE SA
2026-04-01,440.00,TRANSFER FR A/C ERUL FOOD INDUSTRIE INV-2509254 CelsiusCoffee C
2026-04-01,426.00,TRANSFER FR A/C ARYZTA FOOD SOLUTIO INV0836845 CELSIUSCOFFEE C
2026-04-01,744.00,TRANSFER FR A/C KUALA LUMPUR FRIED PI-008198 CELSIUSCOFFEE C
2026-04-01,181.00,TRANSFER FR A/C CATELUX ENTERPRISE F260315235 CELSIUSCOFFEE C
2026-04-01,420.00,TRANSFER FR A/C JS BREADSERIE ENTER SO-00476 CelsiusCoffee C
2026-04-01,336.00,TRANSFER FR A/C MILK & MOKA MARKETI IVCT-00010059 CelsiusCoffee T
2026-04-01,342.80,TRANSFER FR A/C GLOBAL COFFEE RESOU INV-10058310 CelsiusCoffee T
2026-04-01,440.00,TRANSFER FR A/C ERUL FOOD INDUSTRIE INV-2509253 CelsiusCoffee SA
2026-04-01,1100.40,TRANSFER FR A/C GLOBAL COFFEE RESOU INV-10058988 CelsiusCoffee SA
2026-04-01,190.00,TRANSFER FR A/C COLLECTIVE PROJECT IV-01930 CelsiusCoffee N
2026-04-01,1757.83,TRANSFER FR A/C POKET CAPITAL SDN. Shared service CelsiusCoffee
2026-04-01,670.00,TRANSFER FR A/C PXL MARKETING SDN B 147171 CELSIUSCOFFEE C
2026-04-01,490.68,TRANSFER FR A/C TMM RESOURCES 1-13984 CELSIUSCOFFEE C
2026-04-01,190.00,TRANSFER FR A/C CATELUX ENTERPRISE F260315240 CELSIUSCOFFEE T
2026-04-01,440.00,TRANSFER FR A/C ERUL FOOD INDUSTRIE INV-2509252 CelsiusCoffee T
2026-04-01,189.30,TRANSFER FR A/C COLLECTIVE PROJECT IV-01928 CelsiusCoffee T
2026-04-01,1409.20,TRANSFER FR A/C GLOBAL COFFEE RESOU INV-10058990 CelsiusCoffee C
2026-04-01,856.80,TRANSFER FR A/C GLOBAL COFFEE RESOU INV-10058989 CelsiusCoffee T
2026-04-01,327.12,TRANSFER FR A/C TMM RESOURCES 1-13983 CELSIUSCOFFEE T
2026-04-02,592.80,TRANSFER FR A/C DANKOFF SDN BHD IN600139532 CELSIUSCOFFEE SA
2026-04-02,592.80,TRANSFER FR A/C DANKOFF SDN BHD IN600139665 CELSIUSCOFFEE T
2026-04-02,408.90,TRANSFER FR A/C TMM RESOURCES 1-14101 CELSIUSCOFFEE C
2026-04-02,1413.60,TRANSFER FR A/C DANKOFF SDN BHD IN600139527 CELSIUSCOFFEE C
2026-04-03,248.00,TRANSFER FR A/C BLANCOZ SDN BHD 26-0288 CELSIUSCOFFEE C
2026-04-06,558.00,ELECTRONIC REMITTANCE - GIR KUALA LUMPUR FRIED PI-008205 CELSIUSCOFFEE
2026-04-06,565.50,ELECTRONIC REMITTANCE - GIR JG PACIFIC 26030969 CELSIUSCOFFEE T
2026-04-06,490.00,TRANSFER FR A/C 365EAT FOOD SDN BHD 365IN2603-0090 CELSIUSCOFFEE SA
2026-04-06,559.90,TRANSFER FR A/C BGS TRADING SDN. BH KIV260311700 CelsiusCoffee SA
2026-04-06,214.00,TRANSFER FR A/C ULTRA GREEN SUPPLIE 222586 CelsiusCoffee C
2026-04-06,19.00,TRANSFER FR A/C HNJ FOOD SUPPLY SDN SO-32192 CELSIUSCOFFEE C
2026-04-06,330.00,TRANSFER FR A/C JIJUS CAKES TO SHAR IV4701 CELSIUSCOFFEE C
2026-04-06,675.68,TRANSFER FR A/C TMM RESOURCES 1-14164 CELSIUSCOFFEE C
2026-04-06,817.80,TRANSFER FR A/C TMM RESOURCES 1-14069 CELSIUSCOFFEE C
2026-04-06,475.35,TRANSFER FR A/C BGS TRADING SDN. BH KIV260311696 CelsiusCoffee C
2026-04-06,558.00,ELECTRONIC REMITTANCE - GIR KUALA LUMPUR FRIED PI-008206 CELSIUSCOFFEE
2026-04-06,244.00,TRANSFER FR A/C BLANCOZ SDN BHD 26-0289 CELSIUSCOFFEE SA
2026-04-06,852.80,ELECTRONIC REMITTANCE - GIR JG PACIFIC 26030967 CELSIUSCOFFEE SA
2026-04-06,428.00,TRANSFER FR A/C ULTRA GREEN SUPPLIE 222720 CelsiusCoffee SA
2026-04-06,425.00,TRANSFER FR A/C JIJUS CAKES TO SHAR IV4668 CELSIUSCOFFEE C
2026-04-06,255.00,TRANSFER FR A/C JIJUS CAKES TO SHAR IV4667 CELSIUSCOFFEE T
2026-04-06,350.00,TRANSFER FR A/C JIJUS CAKES TO SHAR IV4645 CELSIUSCOFFEE T
2026-04-06,255.00,TRANSFER FR A/C JIJUS CAKES TO SHAR IV4700 CELSIUSCOFFEE T
2026-04-06,316.90,TRANSFER FR A/C BGS TRADING SDN. BH KIV260311698 CelsiusCoffee T
2026-04-06,375.00,TRANSFER FR A/C JS BREADSERIE ENTER SO-00512 CelsiusCoffee C
2026-04-06,699.65,TRANSFER FR A/C ARIFF IZHAM BIN ABD 2026/0020 CelsiusCoffee C
2026-04-06,264.00,TRANSFER FR A/C BLANCOZ SDN BHD 26-0318 CELSIUSCOFFEE T
2026-04-06,490.68,TRANSFER FR A/C TMM RESOURCES 1-14163 CELSIUSCOFFEE T
2026-04-06,490.00,TRANSFER FR A/C 365EAT FOOD SDN BHD 365IN2603-0088 CELSIUSCOFFEE T
2026-04-06,375.00,TRANSFER FR A/C JS BREADSERIE ENTER SO-00513 CelsiusCoffee T
2026-04-06,654.24,TRANSFER FR A/C TMM RESOURCES 27-MAR-2026 CELSIUSCOFFEE T
2026-04-06,214.00,TRANSFER FR A/C ULTRA GREEN SUPPLIE 222587 CelsiusCoffee T
2026-04-06,264.00,TRANSFER FR A/C BLANCOZ SDN BHD 26-0290 CELSIUSCOFFEE T
2026-04-06,160.00,TRANSFER FR A/C JIJUS CAKES TO SHAR IV4644 CELSIUSCOFFEE C
2026-04-06,264.00,TRANSFER FR A/C BLANCOZ SDN BHD 26-0316 CELSIUSCOFFEE C
2026-04-06,490.00,TRANSFER FR A/C 365EAT FOOD SDN BHD 365IN2603-0089 CELSIUSCOFFEE C
2026-04-06,264.00,TRANSFER FR A/C BLANCOZ SDN BHD 26-0317 CELSIUSCOFFEE SA
2026-04-06,852.80,ELECTRONIC REMITTANCE - GIR JG PACIFIC 26030966 CELSIUSCOFFEE C
2026-04-07,235.00,TRANSFER FR A/C JIJUS CAKES TO SHAR IV4669 CELSIUSCOFFEE SA
2026-04-07,520.00,TRANSFER FR A/C BGS TRADING SDN. BH KIV260312406 CelsiusCoffee C
2026-04-07,908.25,TRANSFER FR A/C ARIFF IZHAM BIN ABD 2026/0021 CelsiusCoffee
2026-04-07,75.43,TRANSFER FR A/C YEE LEE TRADING CO. KLIN2026020676 CelsiusCoffee SA
2026-04-07,520.00,TRANSFER FR A/C BGS TRADING SDN. BH KIV260312409 CelsiusCoffee SA
2026-04-07,72.32,TRANSFER FR A/C YEE LEE TRADING CO. KLIN2026011006 CelsiusCoffee SA
2026-04-07,120.00,TRANSFER FR A/C YEE LEE TRADING CO. KLIN2026010184 CelsiusCoffee SA
2026-04-07,646.00,TRANSFER FR A/C GLOBAL COFFEE RESOU INV-10061283 CelsiusCoffee C
2026-04-07,629.60,TRANSFER FR A/C GLOBAL COFFEE RESOU INV-10060148 CelsiusCoffee C
2026-04-07,331.20,TRANSFER FR A/C GLOBAL COFFEE RESOU INV-10061282 CelsiusCoffee SA
2026-04-07,193.00,TRANSFER FR A/C JS BREADSERIE ENTER SO-00511 CelsiusCoffee SA
2026-04-07,330.00,TRANSFER FR A/C JIJUS CAKES TO SHAR IV4699 CELSIUSCOFFEE SA
2026-04-07,425.00,TRANSFER FR A/C JIJUS CAKES TO SHAR IV4646 CELSIUSCOFFEE SA
2026-04-07,234.15,TRANSFER FR A/C ARIFF IZHAM BIN ABD 2026/0018 CelsiusCoffee
2026-04-08,188.50,TRANSFER FR A/C COLLECTIVE PROJECT IV-01948 CelsiusCoffee SA
2026-04-08,520.00,TRANSFER FR A/C BGS TRADING SDN. BH KIV260312407 CelsiusCoffee T
2026-04-08,189.30,TRANSFER FR A/C COLLECTIVE PROJECT IV-01947 CelsiusCoffee T
2026-04-08,1710.00,TRANSFER FR A/C COLLECTIVE PROJECT IV-01930 CelsiusCoffee N
2026-04-08,1696.50,TRANSFER FR A/C COLLECTIVE PROJECT IV-01929 CelsiusCoffee SA
2026-04-08,331.20,TRANSFER FR A/C GLOBAL COFFEE RESOU INV-10061284 CelsiusCoffee T
2026-04-08,1703.70,TRANSFER FR A/C COLLECTIVE PROJECT IV-01928 CelsiusCoffee T
2026-04-10,490.00,TRANSFER FR A/C 365EAT FOOD SDN BHD 365IN2604-0026 CELSIUSCOFFEE C
2026-04-10,320.00,TRANSFER FR A/C JS BREADSERIE ENTER SO-00529 CelsiusCoffee C
2026-04-10,647.70,TRANSFER FR A/C JG PACIFIC FOODS SD 26040175 CELSIUSCOFFEE N
2026-04-10,842.70,TRANSFER FR A/C JG PACIFIC FOODS SD 26040169 CELSIUSCOFFEE C
2026-04-10,682.30,TRANSFER FR A/C BEARD BROTHERS MEAT INV2604/002 CELSIUSCOFFEE C
2026-04-10,490.00,TRANSFER FR A/C 365EAT FOOD SDN BHD 365IN2604-0025 CELSIUSCOFFEE T
2026-04-10,341.04,TRANSFER FR A/C PASTRY WORLD SDN. B SO2603/3448 CELSIUSCOFFEE SA
2026-04-10,316.90,TRANSFER FR A/C BGS TRADING SDN. BH KIV260305860 CelsiusCoffee SA
2026-04-10,615.60,TRANSFER FR A/C DANKOFF SDN BHD IN600141710 CELSIUSCOFFEE SA
2026-04-10,341.04,TRANSFER FR A/C PASTRY WORLD SDN. B SO2603/3450 CELSIUSCOFFEE C
2026-04-10,840.00,TRANSFER FR A/C MILK & MOKA MARKETI IVCT-00010125 CelsiusCoffee SA
2026-04-10,500.50,TRANSFER FR A/C HNJ FOOD SUPPLY SDN SO-32344 CELSIUSCOFFEE C
2026-04-10,1180.00,TRANSFER FR A/C XORA ENTERPRISE SDN SO-31188 CELSIUSCOFFEE T
2026-04-10,341.04,TRANSFER FR A/C PASTRY WORLD SDN. B SO2603/3449 CELSIUSCOFFEE T
2026-04-10,1180.00,TRANSFER FR A/C XORA ENTERPRISE SDN SO-31187 CELSIUSCOFFEE SA
2026-04-10,842.70,TRANSFER FR A/C JG PACIFIC FOODS SD 26040171 CELSIUSCOFFEE T
2026-04-10,320.00,TRANSFER FR A/C JS BREADSERIE ENTER SO-00530 CelsiusCoffee SA
2026-04-10,363.00,TRANSFER FR A/C JS BREADSERIE ENTER SO-00495 CelsiusCoffee T
2026-04-10,504.00,TRANSFER FR A/C MILK & MOKA MARKETI IVCT-00010207 CelsiusCoffee SA
2026-04-10,490.00,TRANSFER FR A/C 365EAT FOOD SDN BHD 365IN2604-0027 CELSIUSCOFFEE SA
2026-04-10,504.00,TRANSFER FR A/C MILK & MOKA MARKETI IVCT-00010206 CelsiusCoffee SA
2026-04-10,817.80,TRANSFER FR A/C TMM RESOURCES 1-14206 CELSIUSCOFFEE C
2026-04-10,615.60,TRANSFER FR A/C DANKOFF SDN BHD IN600141709 CELSIUSCOFFEE T
2026-04-10,281.50,TRANSFER FR A/C COLLECTIVE PROJECT IV-01946 CelsiusCoffee C
2026-04-10,844.60,TRANSFER FR A/C TMM RESOURCES 1-14207 CELSIUSCOFFEE T
2026-04-10,842.70,TRANSFER FR A/C JG PACIFIC FOODS SD 26040173 CELSIUSCOFFEE SA
2026-04-11,2533.50,TRANSFER FR A/C COLLECTIVE PROJECT IV-01927 CelsiusCoffee C
2026-04-13,1180.00,TRANSFER FR A/C XORA ENTERPRISE SDN SO-31186 CELSIUSCOFFEE C
2026-04-13,1403.00,TRANSFER FR A/C NYC TREATS RESOURCE 1192 CelsiusCoffee C
2026-04-13,840.00,TRANSFER FR A/C MILK & MOKA MARKETI IVCT-00010152 CelsiusCoffee SA
2026-04-14,354.15,TRANSFER FR A/C YOW SENG SDN BHD YSIV2603-2003 CELSIUSCOFFEE SA
2026-04-14,197.10,TRANSFER FR A/C YOW SENG SDN BHD YSIV2603-1314 CELSIUSCOFFEE SA
2026-04-14,308.00,TRANSFER FR A/C HNJ FOOD SUPPLY SDN SO 32257 CelsiusCoffee C
2026-04-14,200.00,TRANSFER FR A/C JIJUS CAKES TO SHAR IV4741 CELSIUSCOFFEE SA
2026-04-14,295.00,TRANSFER FR A/C JIJUS CAKES TO SHAR IV4743 CELSIUSCOFFEE C
2026-04-14,664.55,TRANSFER FR A/C YOW SENG SDN BHD YSIV2603-1027 CELSIUSCOFFEE C
2026-04-14,421.18,TRANSFER FR A/C YOW SENG SDN BHD YSIV2603-2093 CELSIUSCOFFEE C
2026-04-14,205.00,TRANSFER FR A/C YOW SENG SDN BHD YSIV2603-1727 CELSIUSCOFFEE C
2026-04-14,445.00,TRANSFER FR A/C JIJUS CAKES TO SHAR IV4742 CELSIUSCOFFEE T
2026-04-14,70.32,TRANSFER FR A/C YOW SENG SDN BHD YSIV2603-0651 CELSIUSCOFFEE C
2026-04-14,208.90,TRANSFER FR A/C YOW SENG SDN BHD YSIV2603-2092 CELSIUSCOFFEE T
2026-04-14,657.69,TRANSFER FR A/C YOW SENG SDN BHD YSIV2603-0821 CELSIUSCOFFEE SA
2026-04-14,281.50,TRANSFER FR A/C COLLECTIVE PROJECT IV-01956 CelsiusCoffee C
2026-04-14,41.50,TRANSFER FR A/C YOW SENG SDN BHD YSIV2603-0650 CELSIUSCOFFEE T
2026-04-14,174.70,TRANSFER FR A/C YOW SENG SDN BHD YSIV2603-1728 CELSIUSCOFFEE T
2026-04-14,189.30,TRANSFER FR A/C COLLECTIVE PROJECT IV-01957 CelsiusCoffee T
2026-04-14,205.90,TRANSFER FR A/C YOW SENG SDN BHD YSIV2603-1634 CELSIUSCOFFEE SA
2026-04-14,25.00,TRANSFER FR A/C YOW SENG SDN BHD YSIV2603-0822 CELSIUSCOFFEE SA
2026-04-14,188.50,TRANSFER FR A/C COLLECTIVE PROJECT IV-01955 CelsiusCoffee SA
2026-04-15,620.00,TRANSFER FR A/C 365EAT FOOD SDN BHD 365IN2603-0045 CELSIUSCOFFEE T
2026-04-15,850.20,TRANSFER FR A/C JG PACIFIC FOODS SD 26040496 CELSIUS COFFEE PUTRA
2026-04-15,654.24,TRANSFER FR A/C TMM RESOURCES 1-14284 CELSIUS COFFEE PUTRA
2026-04-15,490.00,TRANSFER FR A/C 365EAT FOOD SDN BHD 365IN2603-0047 CELSIUSCOFFEE SA
2026-04-15,506.76,TRANSFER FR A/C TMM RESOURCES 114247 CelsiusCoffee N
2026-04-15,360.00,TRANSFER FR A/C 365EAT FOOD SDN BHD 365IN2603-0046 CELSIUSCOFFEE C
2026-04-15,426.00,TRANSFER FR A/C ARYZTA FOOD SOLUTIO O840382 CELSIUS COFFEE TAMAR
2026-04-15,504.00,TRANSFER FR A/C MILK & MOKA MARKETI INV-CC002-0004 Celsius Coffee Shah
2026-04-15,654.24,TRANSFER FR A/C TMM RESOURCES INV-0016 CELSIUS COFFEE PUTRA
2026-04-15,426.00,TRANSFER FR A/C ARYZTA FOOD SOLUTIO INV0940380 CELSIUS COFFEE PUTRA
2026-04-16,890.00,TRANSFER FR A/C EIGHTY EIGHT FAHREN I-10738 CELSIUS COFFEE NILAI
2026-04-16,631.20,TRANSFER FR A/C RICH PRODUCTS (MALA RTPM-SO105990 Celsius Coffee Putra
2026-04-16,631.20,TRANSFER FR A/C RICH PRODUCTS (MALA RTPM-SO105991 Celsius Coffee Shah
2026-04-16,426.00,TRANSFER FR A/C ARYZTA FOOD SOLUTIO INV0540384 CELSIUS COFFEE SHAH
2026-04-16,1188.00,TRANSFER FR A/C FEAST MARKET PLACE IV-01329 CelsiusCoffee T
2026-04-16,890.00,TRANSFER FR A/C EIGHTY EIGHT FAHREN I-10737 CELSIUS COFFEE PUTRA
2026-04-16,850.20,TRANSFER FR A/C JG PACIFIC FOODS SD 26040498 CELSIUS COFFEE SHAH
2026-04-16,890.00,TRANSFER FR A/C EIGHTY EIGHT FAHREN I-10735 CELSIUS COFFEE SA
2026-04-16,890.00,TRANSFER FR A/C EIGHTY EIGHT FAHREN I-10736 CELSIUSCOFFEE T
2026-04-16,631.20,TRANSFER FR A/C RICH PRODUCTS (MALA RTPM-SO105987 Celsius Coffee Tamar
2026-04-17,328.00,TRANSFER FR A/C BLANCOZ SDN BHD 26-0351 CELSIUS COFFEE PUTRA
2026-04-17,576.00,TRANSFER FR A/C KUALA LUMPUR FRIED 00645072 CELSIUS COFFEE PUTRA
2026-04-17,324.80,TRANSFER FR A/C PASTRY WORLD SDN. B SO2604/1824 CELSIUS COFFEE PUTRA
2026-04-17,272.00,TRANSFER FR A/C ERUL FOOD INDUSTRIE INV-2509268 Celsius Coffee Tama
2026-04-17,768.00,TRANSFER FR A/C KUALA LUMPUR FRIED 00645085 CELSIUS COFFEE TAMAR
2026-04-17,672.00,TRANSFER FR A/C MILK & MOKA MARKETI IVCT-00009954 CelsiusCoffee SA
2026-04-17,264.00,TRANSFER FR A/C BLANCOZ SDN BHD 26-0353 CELSIUS COFFEE TAMAR
2026-04-17,324.80,TRANSFER FR A/C PASTRY WORLD SDN. B SO2604/1827 CELSIUS COFFEE TAMAR
2026-04-17,800.00,TRANSFER FR A/C MULTI-WAYS PACKAGIN INV CC002 0006 Celsius Coffee Shah
2026-04-17,860.00,TRANSFER FR A/C ERUL FOOD INDUSTRIE INV-2509266 Celsius Coffee Putra
2026-04-18,64.00,TRANSFER FR A/C BLANCOZ SDN BHD 26-0352 CELSIUS COFFEE SHAH
2026-04-18,341.04,TRANSFER FR A/C PASTRY WORLD SDN. B SO2604/1829 CELSIUS COFFEE SHAH
2026-04-18,208.00,TRANSFER FR A/C ERUL FOOD INDUSTRIE INV-2509267 Celsius Coffee Shah
2026-04-20,43.48,TRANSFER FR A/C ARIFF IZHAM BIN ABD 260408AHVUD320 Celsius Coffee Shah
2026-04-20,203.04,TRANSFER FR A/C JOBBIE SDN. BHD. INV-58989 CELSIUS COFFEE TAMAR
2026-04-20,19.00,TRANSFER FR A/C ARIFF IZHAM BIN ABD 2012004615040 Celsius Coffee Putra
2026-04-20,10.00,TRANSFER FR A/C ARIFF IZHAM BIN ABD 13254 Celsius Coffee Putra
2026-04-20,203.04,TRANSFER FR A/C JOBBIE SDN. BHD. INV-58991 CELSIUS COFFEE PUTRA
2026-04-20,5.20,TRANSFER FR A/C ARIFF IZHAM BIN ABD 085530 Celsius Coffee Tamar
2026-04-20,2.90,TRANSFER FR A/C ARIFF IZHAM BIN ABD 6032114789 Celsius Coffee Putra
2026-04-20,350.00,TRANSFER FR A/C JIJUS CAKES TO SHAR IV4780 CELSIUS COFFEE PUTRA
2026-04-20,24.40,TRANSFER FR A/C ARIFF IZHAM BIN ABD 721457 Celsius Coffee Putra
2026-04-20,181.00,TRANSFER FR A/C ARIFF IZHAM BIN ABD F26041477 Celsius Coffee Putra
2026-04-20,18.00,TRANSFER FR A/C ARIFF IZHAM BIN ABD 718529 Celsius Coffee Putra
2026-04-20,9.60,TRANSFER FR A/C ARIFF IZHAM BIN ABD JGI20050000015 Celsius Coffee Putr
2026-04-20,15.90,TRANSFER FR A/C ARIFF IZHAM BIN ABD 71119 Celsius Coffee Putra
2026-04-20,13.00,TRANSFER FR A/C ARIFF IZHAM BIN ABD 032908 Celsius Coffee Putra
2026-04-20,13.90,TRANSFER FR A/C ARIFF IZHAM BIN ABD 719548 Celsius Coffee Putra
2026-04-20,9.50,TRANSFER FR A/C ARIFF IZHAM BIN ABD 717961 Celsius Coffee Putra
2026-04-20,9.90,TRANSFER FR A/C ARIFF IZHAM BIN ABD 2789 Celsius Coffee Putra
2026-04-20,19.60,TRANSFER FR A/C ARIFF IZHAM BIN ABD 188529 Celsius Coffee Tamar
2026-04-20,12.00,TRANSFER FR A/C ARIFF IZHAM BIN ABD 861559262Q Celsius Coffee Tamar
2026-04-20,190.00,TRANSFER FR A/C ARIFF IZHAM BIN ABD F26041574 Celsius Coffee Tamar
2026-04-20,112.50,TRANSFER FR A/C YEE LEE TRADING CO. KLIN2026011006 CelsiusCoffee T
2026-04-20,75.43,TRANSFER FR A/C YEE LEE TRADING CO. KLIN2026020676 CelsiusCoffee T
2026-04-20,850.50,TRANSFER FR A/C UNIQUE PAPER SDN. B 26-19184 19844 19947 CELSIUSCOFFEE
2026-04-20,1167.70,TRANSFER FR A/C UNIQUE PAPER SDN. B 26-19252 19767 19849 CELSIUSCOFFEE
2026-04-20,2826.60,TRANSFER FR A/C UNIQUE PAPER SDN. B 26-18494 19766 19969 CELSIUSCOFFEE
2026-04-20,5.00,TRANSFER FR A/C ARIFF IZHAM BIN ABD 13237 Celsius Coffee Putra
2026-04-20,10.00,TRANSFER FR A/C ARIFF IZHAM BIN ABD 716770 Celsius Coffee Nilai
2026-04-20,390.00,TRANSFER FR A/C JS BREADSERIE ENTER SO-00539 Celsius Coffee Shah
2026-04-20,255.00,TRANSFER FR A/C JIJUS CAKES TO SHAR IV4779 CELSIUS COFFEE SHAH
2026-04-20,18.50,TRANSFER FR A/C ARIFF IZHAM BIN ABD 1906-33897 Celsius Coffee Shah
2026-04-20,53.40,TRANSFER FR A/C ARIFF IZHAM BIN ABD 000VTS-P070002 Celsius Coffee Tama
2026-04-20,3.96,TRANSFER FR A/C ARIFF IZHAM BIN ABD 000VTS-P110004 Celsius Coffee Tama
2026-04-20,654.24,TRANSFER FR A/C TMM RESOURCES 1-14306 CELSIUS COFFEE TAMAR
2026-04-20,12.50,TRANSFER FR A/C ARIFF IZHAM BIN ABD 000VTS-P030004 Celsius Coffee Tama
2026-04-20,17.50,TRANSFER FR A/C ARIFF IZHAM BIN ABD 9624783 Celsius Coffee Tamar
2026-04-20,72.32,TRANSFER FR A/C YEE LEE TRADING CO. KLIN2026011006 CelsiusCoffee T
2026-04-20,150.85,TRANSFER FR A/C YEE LEE TRADING CO. KLIN2026020676 CelsiusCoffee C
2026-04-20,27.90,TRANSFER FR A/C ARIFF IZHAM BIN ABD 34705320087851 Celsius Coffee Shah
2026-04-20,37.50,TRANSFER FR A/C ARIFF IZHAM BIN ABD JGLZG00140171 Celsius Coffee Putra
2026-04-20,8.00,TRANSFER FR A/C ARIFF IZHAM BIN ABD INV-0071 Celsius Coffee Putra
2026-04-20,33.60,TRANSFER FR A/C ARIFF IZHAM BIN ABD JGE12010012600 Celsius Coffee Putr
2026-04-20,199.00,TRANSFER FR A/C ARIFF IZHAM BIN ABD 10150820260412 Celsius Coffee Shah
2026-04-20,23.00,TRANSFER FR A/C ARIFF IZHAM BIN ABD 34704240799564 Celsius Coffee Nila
2026-04-20,181.00,TRANSFER FR A/C ARIFF IZHAM BIN ABD F26041408 Celsius Coffee Shah
2026-04-20,64.90,TRANSFER FR A/C ARIFF IZHAM BIN ABD 01001/35633 Celsius Coffee Shah
2026-04-20,15.80,TRANSFER FR A/C ARIFF IZHAM BIN ABD JRE12690190212 Celsius Coffee Nila
2026-04-20,10.40,TRANSFER FR A/C ARIFF IZHAM BIN ABD 200601014304 Celsius Coffee Shah
2026-04-20,227.55,TRANSFER FR A/C ARIFF IZHAM BIN ABD SA591020260408 Celsius Coffee Shah
2026-04-20,73.60,TRANSFER FR A/C ARIFF IZHAM BIN ABD CHSU2609612001 Celsius Coffee Shah
2026-04-20,960.00,TRANSFER FR A/C ARIFF IZHAM BIN ABD 06221 Celsius Coffee Shah
2026-04-20,345.80,TRANSFER FR A/C DANKOFF SDN BHD IN600144485 CELSIUS COFFEE SHAH
2026-04-20,408.90,TRANSFER FR A/C TMM RESOURCES 1-14335 CELSIUS COFFEE NILAI
2026-04-20,58.50,TRANSFER FR A/C ARIFF IZHAM BIN ABD 10150820260410 Celsius Coffee Shah
2026-04-20,95.70,TRANSFER FR A/C ARIFF IZHAM BIN ABD SAS90620260403 Celsius Coffee Shah
2026-04-20,203.04,TRANSFER FR A/C JOBBIE SDN. BHD. INV-58990 CELSIUS COFFEE SHAH
2026-04-20,35.50,TRANSFER FR A/C ARIFF IZHAM BIN ABD R073725 Celsius Coffee Shah
2026-04-20,38.08,TRANSFER FR A/C ARIFF IZHAM BIN ABD 260408AH2ANGFB Celsius Coffee Shah
2026-04-20,9.60,TRANSFER FR A/C ARIFF IZHAM BIN ABD H0290720260406 Celsius Coffee Shah
2026-04-20,10.00,TRANSFER FR A/C ARIFF IZHAM BIN ABD CSS13-00016276 Celsius Coffee Shah
2026-04-20,36.40,TRANSFER FR A/C ARIFF IZHAM BIN ABD 13494005042617 Celsius Coffee Shah
2026-04-20,3.20,TRANSFER FR A/C ARIFF IZHAM BIN ABD J0C1260900G011 Celsius Coffee Putr
2026-04-20,10.00,TRANSFER FR A/C ARIFF IZHAM BIN ABD 13281 Celsius Coffee Putra
2026-04-20,342.80,TRANSFER FR A/C GLOBAL COFFEE RESOU INV-10058318 Celsius Coffee Putra
2026-04-20,342.80,TRANSFER FR A/C GLOBAL COFFEE RESOU INV-10058317 Celsius Coffee Shah
2026-04-20,34.00,TRANSFER FR A/C ARIFF IZHAM BIN ABD JGC16100102601 Celsius Coffee Putr
2026-04-20,350.00,TRANSFER FR A/C JIJUS CAKES TO SHAR IV4781 CELSIUS COFFEE PUTRA
2026-04-20,230.00,TRANSFER FR A/C JS BREADSERIE ENTER SO-00540 Celsius Coffee Putra
2026-04-20,630.00,TRANSFER FR A/C DANKOFF SDN BHD IN600143341 CELSIUS COFFEE PUTRA
2026-04-21,240.00,TRANSFER FR A/C BLANCOZ SDN BHD 26-0374 CELSIUS COFFEE PUTRA
2026-04-21,504.00,TRANSFER FR A/C MILK & MOKA MARKETI IVCT-00010547 Celsius Coffee Shah
2026-04-21,264.00,TRANSFER FR A/C BLANCOZ SDN BHD 2640376 CELSIUS COFFEE TAMAR
2026-04-21,504.00,TRANSFER FR A/C MILK & MOKA MARKETI IVCT-00010473 Celsius Coffee Shah
2026-04-21,264.00,TRANSFER FR A/C BLANCOZ SDN BHD 264373 CELSIUS COFFEE SHAH
2026-04-21,21.20,TRANSFER FR A/C ARIFF IZHAM BIN ABD JBC12600917602 Celsius Coffee Putr
2026-04-22,245.00,TRANSFER FR A/C JIJUS CAKES TO SHAR INV-0036 CELSIUS COFFEE SHAH
2026-04-22,181.00,TRANSFER FR A/C CATELUX ENTERPRISE F26042248 Celsius Coffee Putra
2026-04-22,77.85,TRANSFER FR A/C ARIFF IZHAM BIN ABD 10150820260409 Celsius Coffee Shah
2026-04-22,340.00,TRANSFER FR A/C JIJUS CAKES TO SHAR INV-0037 CELSIUS COFFEE PUTRA
2026-04-22,200.00,TRANSFER FR A/C JS BREADSERIE ENTER INV-0031 Celsius Coffee Putra
2026-04-22,181.00,TRANSFER FR A/C CATELUX ENTERPRISE F26042258 Celsius Coffee Tamar
2026-04-22,181.00,TRANSFER FR A/C CATELUX ENTERPRISE F26042247 Celsius Coffee Shah
2026-04-22,340.00,TRANSFER FR A/C JIJUS CAKES TO SHAR INV-0038 CELSIUS COFFEE PUTRA
2026-04-22,844.32,TRANSFER FR A/C AMMAR BIN SHAHRIN SGI26-00081124 Celsius Coffee Shah
2026-04-22,1200.45,TRANSFER FR A/C AMMAR BIN SHAHRIN INV-0113 Celsius Coffee Shah
2026-04-23,341.04,TRANSFER FR A/C PASTRY WORLD SDN. B SO2604/2625 CELSIUS COFFEE PUTRA
2026-04-23,990.00,TRANSFER FR A/C ELITE PAC SDN BHD INV-0128 CELSIUS COFFEE PUTRA
2026-04-23,446.30,TRANSFER FR A/C BEST MARKETING & DI IV 700016 CELSIUSCOFFEE C
2026-04-23,435.30,TRANSFER FR A/C BEST MARKETING & DI IV-794957 CELSIUSCOFFEE C
2026-04-23,431.20,TRANSFER FR A/C BEST MARKETING & DI IV-709634 CELSIUSCOFFEE C
2026-04-23,534.70,TRANSFER FR A/C BEST MARKETING & DI IV-709666 CELSIUSCOFFEE T
2026-04-23,395.80,TRANSFER FR A/C BEST MARKETING & DI IV-704955 CELSIUSCOFFEE T
2026-04-23,428.70,TRANSFER FR A/C BEST MARKETING & DI IV-697513 CELSIUSCOFFEE T
2026-04-23,2533.50,TRANSFER FR A/C COLLECTIVE PROJECT IV-01946 CelsiusCoffee C
2026-04-23,324.80,TRANSFER FR A/C PASTRY WORLD SDN. B SO2604/2623 CELSIUS COFFEE TAMAR
2026-04-23,675.68,TRANSFER FR A/C TMM RESOURCES 1-14355 CELSIUS COFFEE TAMAR
2026-04-23,440.00,TRANSFER FR A/C NYC TREATS RESOURCE 1193 CelsiusCoffee T
2026-04-23,189.30,TRANSFER FR A/C COLLECTIVE PROJECT IV-01975 CelsiusCoffee T
2026-04-23,19.00,TRANSFER FR A/C ARIFF IZHAM BIN ABD PC-CC003-0010 Celsius Coffee Tamar
2026-04-23,1703.70,TRANSFER FR A/C COLLECTIVE PROJECT IV-01947 CelsiusCoffee T
2026-04-23,392.00,TRANSFER FR A/C NYC TREATS RESOURCE 1194 CelsiusCoffee C
2026-04-23,924.00,TRANSFER FR A/C NYC TREATS RESOURCE 1195 Celsius Coffee Putr
2026-04-23,281.50,TRANSFER FR A/C COLLECTIVE PROJECT IV-01974 CelsiusCoffee C
2026-04-23,1000.00,TRANSFER FR A/C ELITE PAC SDN BHD IV-00095 CELSIUS COFFEE PUTRA
2026-04-23,615.00,TRANSFER FR A/C PXL MARKETING SDN B 147824 CELSIUS COFFEE PUTRA
2026-04-23,920.00,TRANSFER FR A/C NYC TREATS RESOURCE 1196 Celsius Coffee Tamar
2026-04-23,654.24,TRANSFER FR A/C TMM RESOURCES 1-14354 CELSIUS COFFEE PUTRA
2026-04-24,421.30,TRANSFER FR A/C BEST MARKETING & DI IV-704421 CELSIUSCOFFEE SA
2026-04-24,188.50,TRANSFER FR A/C COLLECTIVE PROJECT IV-01976 CelsiusCoffee SA
2026-04-24,350.00,TRANSFER FR A/C JIJUS CAKES TO SHAR IV4819 CELSIUS COFFEE PUTRA
2026-04-24,1090.90,TRANSFER FR A/C JG PACIFIC FOODS SD 26040743 CELSIUS COFFEE TAMAR
2026-04-24,320.00,TRANSFER FR A/C JS BREADSERIE ENTER SO-00546 Celsius Coffee Putra
2026-04-24,410.00,TRANSFER FR A/C PXL MARKETING SDN B 147825 CELSIUS COFFEE SHAH
2026-04-24,1056.60,TRANSFER FR A/C JG PACIFIC FOODS SD 26040742 CELSIUS COFFEE PUTRA
2026-04-24,360.00,TRANSFER FR A/C JS BREADSERIE ENTER INV-0032 CelsiusCoffee Shah
2026-04-24,1025.40,TRANSFER FR A/C JG PACIFIC FOODS SD JG PACIFIC CELSIUS COFFEE SHAH
2026-04-24,490.00,TRANSFER FR A/C 365EAT FOOD SDN BHD 365IN2604-0060 CELSIUS COFFEE SHAH
2026-04-24,1696.50,TRANSFER FR A/C COLLECTIVE PROJECT IV-01948 CelsiusCoffee SA
2026-04-24,490.00,TRANSFER FR A/C 365EAT FOOD SDN BHD 365IN2604-0062 CELSIUS COFFEE TAMA
2026-04-24,1060.50,TRANSFER FR A/C JG PACIFIC FOODS SD 26040745 CELSIUS COFFEE NILAI
2026-04-24,350.00,TRANSFER FR A/C JIJUS CAKES TO SHAR IV4820 CELSIUS COFFEE TAMAR
2026-04-24,437.50,TRANSFER FR A/C BEST MARKETING & DI IV-7109963 CELSIUSCOFFEE SA
2026-04-24,341.04,TRANSFER FR A/C PASTRY WORLD SDN. B SO2604/2627 CELSIUS COFFEE SHAH
2026-04-24,490.00,TRANSFER FR A/C 365EAT FOOD SDN BHD 365IN2604-0061 CELSIUS COFFEE PUTR
2026-04-24,894.00,TRANSFER FR A/C NYC TREATS RESOURCE 1197 Celsius Coffee Shah
2026-04-24,255.00,TRANSFER FR A/C JIJUS CAKES TO SHAR IV4818 CELSIUS COFFEE SHAH
2026-04-24,383.50,TRANSFER FR A/C BEST MARKETING & DI IV-697709 CELSIUSCOFFEE SA
2026-04-24,248.00,TRANSFER FR A/C JS BREADSERIE ENTER SO-00547 Celsius Coffee Shah
2026-04-24,187.00,TRANSFER FR A/C BEST MARKETING & DI IV-699766 CELSIUSCOFFEE SA
2026-04-27,32.40,TRANSFER FR A/C ARIFF IZHAM BIN ABD JRG12610416601 Celsius Coffee Putr
2026-04-27,147.00,TRANSFER FR A/C ARIFF IZHAM BIN ABD CS-02112800 Celsius Coffee Tamar
2026-04-27,13.00,TRANSFER FR A/C ARIFF IZHAM BIN ABD 000VTS-PO40035 Celsius Coffee Tama
2026-04-27,17.80,TRANSFER FR A/C ARIFF IZHAM BIN ABD INV-0166 Celsius Coffee Tamar
2026-04-27,53.75,TRANSFER FR A/C ARIFF IZHAM BIN ABD 10150322060420 Celsius Coffee Shah
2026-04-27,52.90,TRANSFER FR A/C ARIFF IZHAM BIN ABD CH127074 Celsius Coffee Shah
2026-04-27,64.80,TRANSFER FR A/C ARIFF IZHAM BIN ABD 000VTS-P080059 Celsius Coffee Nila
2026-04-27,60.00,TRANSFER FR A/C ARIFF IZHAM BIN ABD CS-0212623 Celsius Coffee Tamar
2026-04-27,10.00,TRANSFER FR A/C ARIFF IZHAM BIN ABD 12427 Celsius Coffee Putra
2026-04-27,22.00,TRANSFER FR A/C ARIFF IZHAM BIN ABD 34726242454970 Celsius Coffee Shah
2026-04-27,890.00,TRANSFER FR A/C EIGHTY EIGHT FAHREN I-10744 CELSIUS COFFEE PUTRA
2026-04-27,5.90,TRANSFER FR A/C ARIFF IZHAM BIN ABD G32114873 Celsius Coffee Putra
2026-04-27,10.00,TRANSFER FR A/C ARIFF IZHAM BIN ABD 12411 Celsius Coffee Putra
2026-04-27,109.20,TRANSFER FR A/C ARIFF IZHAM BIN ABD 260413NAN1HWCU Celsius Coffee Putr
2026-04-27,57.07,TRANSFER FR A/C ARIFF IZHAM BIN ABD 10150220260413 Celsius Coffee Shah
2026-04-27,19.20,TRANSFER FR A/C ARIFF IZHAM BIN ABD H0290102060418 Celsius Coffee Shah
2026-04-27,176.60,TRANSFER FR A/C ARIFF IZHAM BIN ABD GM-357 Celsius Coffee Nilai
2026-04-27,5.30,TRANSFER FR A/C ARIFF IZHAM BIN ABD 722093 Celsius Coffee Putra
2026-04-27,7.00,TRANSFER FR A/C ARIFF IZHAM BIN ABD 15-4-20 Celsius Coffee Tamar
2026-04-27,10.00,TRANSFER FR A/C ARIFF IZHAM BIN ABD 13999 Celsius Coffee Putra
2026-04-27,23.80,TRANSFER FR A/C ARIFF IZHAM BIN ABD JG12010156021 Celsius Coffee Putra
2026-04-27,890.00,TRANSFER FR A/C EIGHTY EIGHT FAHREN I-10743 CELSIUS COFFEE TAMAR
2026-04-27,58.05,TRANSFER FR A/C ARIFF IZHAM BIN ABD 260409C99E1YMV Celsius Coffee Putr
2026-04-27,126.04,TRANSFER FR A/C ARIFF IZHAM BIN ABD 260412KGRBGHR7 Celsius Coffee Putr
2026-04-27,3.90,TRANSFER FR A/C ARIFF IZHAM BIN ABD 01-724809 Celsius Coffee Putra
2026-04-27,24.30,TRANSFER FR A/C ARIFF IZHAM BIN ABD 628307 Celsius Coffee Tamar
2026-04-27,8.90,TRANSFER FR A/C ARIFF IZHAM BIN ABD INV-0162 Celsius Coffee Tamar
2026-04-27,48.60,TRANSFER FR A/C ARIFF IZHAM BIN ABD 43971 Celsius Coffee Nilai
2026-04-27,138.97,TRANSFER FR A/C ARIFF IZHAM BIN ABD 26040655PD0GN5 Celsius Coffee Putr
2026-04-27,45.20,TRANSFER FR A/C ARIFF IZHAM BIN ABD CS-0214995 Celsius Coffee Tamar
2026-04-27,43.22,TRANSFER FR A/C ARIFF IZHAM BIN ABD 260409C53PWTFU Celsius Coffee Putr
2026-04-27,1703.70,TRANSFER FR A/C COLLECTIVE PROJECT IV-01957 CelsiusCoffee T
2026-04-27,23.60,TRANSFER FR A/C ARIFF IZHAM BIN ABD 725896 Celsius Coffee Putra
2026-04-27,426.00,TRANSFER FR A/C ARYZTA FOOD SOLUTIO INV043384 CELSIUS COFFEE PUTRA
2026-04-27,23.89,TRANSFER FR A/C ARIFF IZHAM BIN ABD H029032060413O Celsius Coffee Shah
2026-04-27,7.00,TRANSFER FR A/C ARIFF IZHAM BIN ABD INV-0178 Celsius Coffee Tamar
2026-04-27,26.00,TRANSFER FR A/C ARIFF IZHAM BIN ABD ZD048482331136 Celsius Coffee Tama
2026-04-27,5.90,TRANSFER FR A/C ARIFF IZHAM BIN ABD INV-0174 Celsius Coffee Putra
2026-04-27,15.60,TRANSFER FR A/C ARIFF IZHAM BIN ABD 1100814725085 Celsius Coffee Putra
2026-04-27,21.80,TRANSFER FR A/C ARIFF IZHAM BIN ABD 34733157479488 Celsius Coffee Shah
2026-04-27,23.70,TRANSFER FR A/C ARIFF IZHAM BIN ABD 01-724872 Celsius Coffee Putra
2026-04-27,21.00,TRANSFER FR A/C ARIFF IZHAM BIN ABD J0CT0010012601 Celsius Coffee Putr
2026-04-27,890.00,TRANSFER FR A/C EIGHTY EIGHT FAHREN I-10742 CELSIUS COFFEE SHAH
2026-04-27,7.00,TRANSFER FR A/C ARIFF IZHAM BIN ABD INV-0145 Celsius Coffee Tamar
2026-04-27,31.60,TRANSFER FR A/C ARIFF IZHAM BIN ABD 725788 Celsius Coffee Putra
2026-04-27,66.80,TRANSFER FR A/C ARIFF IZHAM BIN ABD 626740 Celsius Coffee Tamar
2026-04-28,2533.50,TRANSFER FR A/C COLLECTIVE PROJECT IV-01956 CelsiusCoffee C
2026-04-28,10.25,TRANSFER FR A/C ARIFF IZHAM BIN ABD 0000VTS-P04003 Celsius Coffee Tama
2026-04-28,68.00,TRANSFER FR A/C ARIFF IZHAM BIN ABD 2604173N47VB9C Celsius Coffee Putr
2026-04-28,106.16,TRANSFER FR A/C ARIFF IZHAM BIN ABD 260420B6W772A7 Celsius Coffee Putr
2026-04-28,43.60,TRANSFER FR A/C ARIFF IZHAM BIN ABD 12320 Celsius Coffee Putra
2026-04-28,7.20,TRANSFER FR A/C ARIFF IZHAM BIN ABD 000VTS-P080005 Celsius Coffee Tama
2026-04-28,10.00,TRANSFER FR A/C ARIFF IZHAM BIN ABD 12477 Celsius Coffee Putra
2026-04-28,394.25,TRANSFER FR A/C DANKOFF SDN BHD IN600146089 CELSIUS COFFEE PUTRA
2026-04-28,675.68,TRANSFER FR A/C TMM RESOURCES 1-14410 CELSIUS COFFEE PUTRA
2026-04-28,122.84,TRANSFER FR A/C ARIFF IZHAM BIN ABD 260412KGRBGHR7 Celsius Coffee Putr
2026-04-28,230.00,TRANSFER FR A/C ARIFF IZHAM BIN ABD PUC-1001824 Celsius Coffee Tamar
2026-04-28,89.24,TRANSFER FR A/C ARIFF IZHAM BIN ABD 2604173N6FDAGR Celsius Coffee Putr
2026-04-28,208.50,TRANSFER FR A/C ARIFF IZHAM BIN ABD SM003202049000 Celsius Coffee Putr
2026-04-28,185.70,TRANSFER FR A/C ARIFF IZHAM BIN ABD 2604173JR35QFP Celsius Coffee Putr
2026-04-28,90.96,TRANSFER FR A/C ARIFF IZHAM BIN ABD 260420AVJ3XNS4 Celsius Coffee Putr
2026-04-28,17.70,TRANSFER FR A/C ARIFF IZHAM BIN ABD JG0126011117G0 Celsius Coffee Putr
2026-04-28,17.00,TRANSFER FR A/C ARIFF IZHAM BIN ABD 124272 Celsius Coffee Tamar
2026-04-28,45.60,TRANSFER FR A/C ARIFF IZHAM BIN ABD 603214789 Celsius Coffee Putra
2026-04-28,5.00,TRANSFER FR A/C ARIFF IZHAM BIN ABD 727016 Celsius Coffee Putra
2026-04-28,79.13,TRANSFER FR A/C ARIFF IZHAM BIN ABD 2604161778XSTQ Celsius Coffee Putr
2026-04-28,97.00,TRANSFER FR A/C ARIFF IZHAM BIN ABD 260416177XYD3Q Celsius Coffee Tama
2026-04-28,15.00,TRANSFER FR A/C ARIFF IZHAM BIN ABD INV-0192 Celsius Coffee Tamar
2026-04-28,48.60,TRANSFER FR A/C ARIFF IZHAM BIN ABD 000VIS-P110004 Celsius Coffee Tama
2026-04-29,11.70,TRANSFER FR A/C ARIFF IZHAM BIN ABD T4 R000357045 Celsius Coffee Tamar
2026-04-29,63.90,TRANSFER FR A/C ARIFF IZHAM BIN ABD INV-0196 Celsius Coffee Tamar
2026-04-29,29.00,TRANSFER FR A/C ARIFF IZHAM BIN ABD 26-200-029201 Celsius Coffee Tamar
2026-04-29,16.90,TRANSFER FR A/C ARIFF IZHAM BIN ABD QR88604284 Celsius Coffee Putra
2026-04-29,672.00,TRANSFER FR A/C MILK & MOKA MARKETI IVCT-00010632 Celsius Coffee Shah
2026-04-29,494.00,TRANSFER FR A/C DANKOFF SDN BHD IN600146087 CELSIUS COFFEE TAMAR
2026-04-29,79.50,TRANSFER FR A/C ARIFF IZHAM BIN ABD 248921293/102/ Celsius Coffee Putr
2026-04-29,13.20,TRANSFER FR A/C ARIFF IZHAM BIN ABD 34819805955533 Celsius Coffee Putr
2026-04-29,55.20,TRANSFER FR A/C ARIFF IZHAM BIN ABD CSS13-00017987 Celsius Coffee Shah
2026-04-29,10.00,TRANSFER FR A/C ARIFF IZHAM BIN ABD 12427a Celsius Coffee Putra
2026-04-29,13.70,TRANSFER FR A/C ARIFF IZHAM BIN ABD CSS13-00017628 Celsius Coffee Shah
2026-04-29,17.90,TRANSFER FR A/C ARIFF IZHAM BIN ABD 34813932978833 Celsius Coffee Shah
2026-04-29,8.77,TRANSFER FR A/C ARIFF IZHAM BIN ABD 2604198NHS3WES Celsius Coffee Nila
2026-04-29,20.90,TRANSFER FR A/C ARIFF IZHAM BIN ABD 9024286 Celsius Coffee Nilai
2026-04-29,42.45,TRANSFER FR A/C ARIFF IZHAM BIN ABD 611206997802 Celsius Coffee Shah
2026-04-29,17.70,TRANSFER FR A/C ARIFF IZHAM BIN ABD 729535 Celsius Coffee Putra
2026-04-29,11.80,TRANSFER FR A/C ARIFF IZHAM BIN ABD 60321148789 Celsius Coffee Putra
2026-04-29,24.00,TRANSFER FR A/C ARIFF IZHAM BIN ABD 34821789765779 Celsius Coffee Putr
2026-04-29,93.10,TRANSFER FR A/C ARIFF IZHAM BIN ABD 260416175RASUK Celsius Coffee Shah
2026-04-29,8.00,TRANSFER FR A/C ARIFF IZHAM BIN ABD INV-0237 Celsius Coffee Nilai
2026-04-29,49.90,TRANSFER FR A/C ARIFF IZHAM BIN ABD 260423HSSJDMTQ Celsius Coffee Shah
2026-04-29,13.60,TRANSFER FR A/C ARIFF IZHAM BIN ABD 13493026042202 Celsius Coffee Nila
2026-04-29,200.00,TRANSFER FR A/C JIJUS CAKES TO SHAR IV4836 CELSIUS COFFEE SHAH
2026-04-29,42.91,TRANSFER FR A/C ARIFF IZHAM BIN ABD 2604198NEG60UP Celsius Coffee Nila
2026-04-29,25.55,TRANSFER FR A/C ARIFF IZHAM BIN ABD H0290320260422 Celsius Coffee Shah
2026-04-29,768.00,TRANSFER FR A/C KUALA LUMPUR FRIED 00646565 CELSIUS COFFEE PUTRA
2026-04-29,103.85,TRANSFER FR A/C ARIFF IZHAM BIN ABD SAS93520260424 Celsius Coffee Shah
2026-04-29,29.50,TRANSFER FR A/C ARIFF IZHAM BIN ABD J6SR2611615024 Celsius Coffee Shah
2026-04-29,347.70,TRANSFER FR A/C DANKOFF SDN BHD IN600146088 CELSIUS COFFEE SHAH
2026-04-29,188.40,TRANSFER FR A/C ARIFF IZHAM BIN ABD 260420B700VD9C Celsius Coffee Shah
2026-04-29,39.50,TRANSFER FR A/C ARIFF IZHAM BIN ABD CS-0216519 Celsius Coffee Tamar
2026-04-29,32.70,TRANSFER FR A/C ARIFF IZHAM BIN ABD 000VTS-P070002 Celsius Coffee Tama
2026-04-29,94.20,TRANSFER FR A/C ARIFF IZHAM BIN ABD 260420B6RJESQK Celsius Coffee Tama
2026-04-29,146.65,TRANSFER FR A/C ARIFF IZHAM BIN ABD SAS91120260426 Celsius Coffee Shah
2026-04-29,1696.50,TRANSFER FR A/C COLLECTIVE PROJECT IV-01955 CelsiusCoffee SA
2026-04-29,81.00,TRANSFER FR A/C ARIFF IZHAM BIN ABD J0626109210011 Celsius Coffee Putr
2026-05-01,189.30,TRANSFER FR A/C COLLECTIVE PROJECT IV-01988 CelsiusCoffee T
2026-05-01,281.50,TRANSFER FR A/C COLLECTIVE PROJECT IV-01989 CelsiusCoffee SA
2026-05-01,281.50,TRANSFER FR A/C COLLECTIVE PROJECT IV-01987 CelsiusCoffee C
2026-05-01,1757.85,TRANSFER FR A/C POKET CAPITAL SDN. Shared service CelsiusCoffee
2026-05-01,594.00,TRANSFER FR A/C JG PACIFIC FOODS SD 26041024 CELSIUS COFFEE SHAH
2026-05-01,364.00,TRANSFER FR A/C BLANCOZ SDN BHD 26-0399 CELSIUS COFFEE SHAH
2026-05-01,264.00,TRANSFER FR A/C BLANCOZ SDN BHD 26-0400 CELSIUS COFFEE TAMAR
2026-05-01,759.20,TRANSFER FR A/C JG PACIFIC FOODS SD 26041025 CELSIUS COFFEE PUTRA
2026-05-01,428.00,TRANSFER FR A/C BLANCOZ SDN BHD 26-0398 CELSIUS COFFEE PUTRA
2026-05-01,50.50,TRANSFER FR A/C COLLECTIVE PROJECT IV-01990 CelsiusCoffee N
2026-05-01,675.68,TRANSFER FR A/C TMM RESOURCES 1-14436 CELSIUS COFFEE TAMAR
2026-05-05,650.00,TRANSFER FR A/C PXL MARKETING SDN B 148273 Celsius Coffee Shah
2026-05-05,654.24,TRANSFER FR A/C TMM RESOURCES 1-14492 CELSIUS COFFEE TAMAR
2026-05-05,118.00,TRANSFER FR A/C UNIQUE PAPER SDN. B INU-26-19947 CELSIUS COFFEE SHAH
2026-05-05,815.00,TRANSFER FR A/C PXL MARKETING SDN B 148275 Celsius Coffee Putra
2026-05-05,360.00,TRANSFER FR A/C JIJUS CAKES TO SHAR IV4863 CELSIUS COFFEE TAMAR
2026-05-05,620.00,TRANSFER FR A/C 365EAT FOOD SDN BHD 365IN2604-0101 CELSIUS COFFEE SHAH
2026-05-05,774.50,TRANSFER FR A/C UNIQUE PAPER SDN. B INU-26-20994 CELSIUS COFFEE PUTRA
2026-05-05,390.00,TRANSFER FR A/C JG PACIFIC FOODS SD 26041150 CELSIUS COFFEE SHAH
2026-05-05,631.20,TRANSFER FR A/C RICH PRODUCTS (MALA RTPM-SO107958 Celsius Coffee Shah
2026-05-05,631.20,TRANSFER FR A/C RICH PRODUCTS (MALA RTPM-SO107957 Celsius Coffee Putra
2026-05-05,620.00,TRANSFER FR A/C 365EAT FOOD SDN BHD 365IN2604-0100 CELSIUS COFFEE PUTR
2026-05-05,815.00,TRANSFER FR A/C PXL MARKETING SDN B 148274 Celsius Coffee Tamar
2026-05-05,360.00,TRANSFER FR A/C JIJUS CAKES TO SHAR IV4864 CELSIUS COFFEE PUTRA
2026-05-05,181.00,TRANSFER FR A/C CATELUX ENTERPRISE F26050431 CELSIUS COFFEE TAMAR
2026-05-05,620.00,TRANSFER FR A/C 365EAT FOOD SDN BHD 365IN2604-0099 CELSIUS COFFEE TAMA
2026-05-05,504.00,TRANSFER FR A/C MILK & MOKA MARKETI IVCT-00010729 Celsius Coffee Shah
2026-05-05,672.00,TRANSFER FR A/C MILK & MOKA MARKETI IVCT-00010835 Celsius Coffee Shah
2026-05-05,118.00,TRANSFER FR A/C UNIQUE PAPER SDN. B INU-26-19969 CELSIUS COFFEE PUTRA
2026-05-05,426.00,TRANSFER FR A/C ARYZTA FOOD SOLUTIO INV0845245 CELSIUS COFFEE SHAH
2026-05-05,265.00,TRANSFER FR A/C JIJUS CAKES TO SHAR IV4862 CELSIUS COFFEE SHAH
2026-05-05,181.00,TRANSFER FR A/C CATELUX ENTERPRISE F26050430 CELSIUS COFFEE SHAH
2026-05-05,181.00,TRANSFER FR A/C CATELUX ENTERPRISE F26050432 CELSIUS COFFEE PUTRA
2026-05-05,675.68,TRANSFER FR A/C TMM RESOURCES 1-14356 CELSIUS COFFEE PUTRA
2026-05-05,654.24,TRANSFER FR A/C TMM RESOURCES 1-14493 CELSIUS COFFEE PUTRA
2026-05-05,426.00,TRANSFER FR A/C ARYZTA FOOD SOLUTIO INV0845081 CELSIUS COFFEE PUTRA
2026-05-06,505.70,TRANSFER FR A/C YOW SENG SDN BHD YSIV2604-2399 CELSIUS COFFEE PUTRA
2026-05-06,171.50,TRANSFER FR A/C YOW SENG SDN BHD YSIV2604-1906 CELSIUS COFFEE PUTRA
2026-05-06,264.14,TRANSFER FR A/C YOW SENG SDN BHD YSIV2604-0460 CELSIUS COFFEE PUTRA
2026-05-06,173.70,TRANSFER FR A/C YOW SENG SDN BHD YSIV2604-0829 CELSIUS COFFEE PUTRA
2026-05-06,505.07,TRANSFER FR A/C YOW SENG SDN BHD YSIV2604-1583 CELSIUS COFFEE PUTRA
2026-05-06,124.59,TRANSFER FR A/C YOW SENG SDN BHD YSIV2604-0744 CELSIUS COFFEE SHAH
2026-05-06,167.72,TRANSFER FR A/C YOW SENG SDN BHD YSIV2604-1138 CELSIUS COFFEE SHAH
2026-05-06,319.80,TRANSFER FR A/C YOW SENG SDN BHD YSIV2604-2285 CELSIUS COFFEE SHAH
2026-05-06,347.95,TRANSFER FR A/C YOW SENG SDN BHD YSIV2604-1490 CELSIUS COFFEE SHAH
2026-05-06,212.70,TRANSFER FR A/C YOW SENG SDN BHD YSIV2604-0461 CELSIUS COFFEE TAMAR
2026-05-06,428.00,TRANSFER FR A/C BLANCOZ SDN BHD 264423 CELSIUS COFFEE PUTRA
2026-05-06,264.00,TRANSFER FR A/C BLANCOZ SDN BHD 264425 CELSIUS COFFEE TAMAR
2026-05-06,924.00,TRANSFER FR A/C NYC TREATS RESOURCE 1198 Celsius Coffee Putra
2026-05-06,350.52,TRANSFER FR A/C YOW SENG SDN BHD YSIV2604-1012 CELSIUS COFFEE PUTRA
2026-05-06,746.00,TRANSFER FR A/C YOW SENG SDN BHD YSIV2604-2195 CELSIUS COFFEE PUTRA
2026-05-06,548.10,TRANSFER FR A/C YOW SENG SDN BHD YSIV2604-1584 CELSIUS COFFEE TAMAR
2026-05-06,308.00,TRANSFER FR A/C YOW SENG SDN BHD YSIV2604-1011 CELSIUS COFFEE TAMAR
2026-05-06,101.73,TRANSFER FR A/C YOW SENG SDN BHD YSIV2604-1790 CELSIUS COFFEE TAMAR
2026-05-06,112.50,TRANSFER FR A/C YOW SENG SDN BHD YSIV2604-0289 CELSIUS COFFEE TAMAR
2026-05-06,73.60,TRANSFER FR A/C YOW SENG SDN BHD YSIV2604-2194 CELSIUS COFFEE TAMAR
2026-05-06,112.50,TRANSFER FR A/C YOW SENG SDN BHD YSIV2604-1940 CELSIUS COFFEE TAMAR
2026-05-06,141.30,TRANSFER FR A/C YOW SENG SDN BHD YSIV2604-2400 CELSIUS COFFEE TAMAR
2026-05-06,1188.00,TRANSFER FR A/C UNIQUE PAPER SDN. B INU-26-21010 CELSIUS COFFEE PUTRA
2026-05-06,370.00,TRANSFER FR A/C UNIQUE PAPER SDN. B INU-26-21011 CELSIUS COFFEE PUTRA
2026-05-06,795.56,TRANSFER FR A/C YOW SENG SDN BHD YSIV2604-1791 CELSIUS COFFEE PUTRA
2026-05-06,364.00,TRANSFER FR A/C BLANCOZ SDN BHD 264424 CELSIUS COFFEE SHAH
2026-05-06,78.00,ELECTRONIC REMITTANCE - GIR YOW SENG SDN BHD YSIV2604-0830 CELSIUS COF
2026-05-06,182.25,TRANSFER FR A/C YOW SENG SDN BHD YSIV2604-0371 CELSIUS COFFEE SHAH
2026-05-07,557.50,TRANSFER FR A/C YOW SENG SDN BHD YSIV2604-1859 CELSIUS COFFEE SHAH
2026-05-07,281.50,TRANSFER FR A/C COLLECTIVE PROJECT IV-02001 Celsius Coffee Putra
2026-05-07,630.45,TRANSFER FR A/C YOW SENG SDN BHD YSIV2604-2416 CELSIUS COFFEE SHAH
2026-05-07,188.50,TRANSFER FR A/C COLLECTIVE PROJECT IV-02003 Celsius Coffee Shah
2026-05-07,189.30,TRANSFER FR A/C COLLECTIVE PROJECT IV-02002 Celsius Coffee Tamar
2026-05-08,675.84,TRANSFER FR A/C TMM RESOURCES 1-14431 CELSIUS COFFEE PUTRA
2026-05-08,290.00,TRANSFER FR A/C JS BREADSERIE ENTER INV-0293 Celsius Coffee Tamar
2026-05-08,425.00,TRANSFER FR A/C JIJUS CAKES TO SHAR IV4918 CELSIUS COFFEE SHAH
2026-05-08,330.00,TRANSFER FR A/C JIJUS CAKES TO SHAR IV4917 CELSIUS COFFEE PUTRA
2026-05-08,425.00,TRANSFER FR A/C JIJUS CAKES TO SHAR IV4919 CELSIUS COFFEE TAMAR
2026-05-08,673.00,TRANSFER FR A/C ELITE PAC SDN BHD IV-00106 CELSIUS COFFEE PUTRA
2026-05-08,672.00,TRANSFER FR A/C MILK & MOKA MARKETI IVCT-00010880 Celsius Coffee Shah
2026-05-11,6.90,TRANSFER FR A/C ARIFF IZHAM BIN ABD SATB2200260428 Celsius Coffee Shah
2026-05-11,2.05,TRANSFER FR A/C ARIFF IZHAM BIN ABD 257947934428/7 Celsius Coffee Putr
2026-05-11,27.20,TRANSFER FR A/C ARIFF IZHAM BIN ABD 260425PWHAH8QW Celsius Coffee Shah
2026-05-11,420.00,TRANSFER FR A/C GLOBAL COFFEE RESOU INV-10063913 Celsius Coffee Shah
2026-05-11,620.00,TRANSFER FR A/C 365EAT FOOD SDN BHD INV-0296 CELSIUS COFFEE PUTRA
2026-05-11,68.50,TRANSFER FR A/C ARIFF IZHAM BIN ABD 260427VU5A7FAS Celsius Coffee Putr
2026-05-11,386.80,TRANSFER FR A/C GLOBAL COFFEE RESOU INV-0366 Celsius Coffee Putra
2026-05-11,552.00,TRANSFER FR A/C GLOBAL COFFEE RESOU INV-10063106 Celsius Coffee Putra
2026-05-11,600.00,TRANSFER FR A/C SIMPLE AXE ENGINEER INV/629-26 Celsius Coffee Shah
2026-05-11,426.00,TRANSFER FR A/C ARYZTA FOOD SOLUTIO INV0847032 CELSIUS COFFEE SHAH
2026-05-11,66.40,TRANSFER FR A/C GLOBAL COFFEE RESOU INV-10063735 Celsius Coffee Shah
2026-05-11,717.60,TRANSFER FR A/C GLOBAL COFFEE RESOU INV-10063312 Celsius Coffee Putra
2026-05-11,43.50,TRANSFER FR A/C ARIFF IZHAM BIN ABD 008119 Celsius Coffee Shah
2026-05-11,11.70,TRANSFER FR A/C ARIFF IZHAM BIN ABD 730179 Celsius Coffee Putra
2026-05-11,36.45,TRANSFER FR A/C ARIFF IZHAM BIN ABD 10150420260427 Celsius Coffee Shah
2026-05-11,4.80,TRANSFER FR A/C ARIFF IZHAM BIN ABD 30-04-26 12:05 Celsius Coffee Putr
2026-05-11,37.04,TRANSFER FR A/C ARIFF IZHAM BIN ABD 260425PWF9N3MW Celsius Coffee Putr
2026-05-11,8.00,TRANSFER FR A/C ARIFF IZHAM BIN ABD INV-0007 Celsius Coffee Putra
2026-05-11,14.00,TRANSFER FR A/C ARIFF IZHAM BIN ABD 27042026 Celsius Coffee Tamar
2026-05-11,11.20,TRANSFER FR A/C ARIFF IZHAM BIN ABD H0290120260428 Celsius Coffee Shah
2026-05-11,152.20,TRANSFER FR A/C ARIFF IZHAM BIN ABD 196932 Celsius Coffee Putra
2026-05-11,68.00,TRANSFER FR A/C ARIFF IZHAM BIN ABD JGC12612014011 Celsius Coffee Putr
2026-05-11,8.00,TRANSFER FR A/C ARIFF IZHAM BIN ABD 30872848IQ MBB Celsius Coffee Putr
2026-05-11,49.90,TRANSFER FR A/C ARIFF IZHAM BIN ABD 260423HSQNB2JP Celsius Coffee Putr
2026-05-11,19.50,TRANSFER FR A/C ARIFF IZHAM BIN ABD 731175 Celsius Coffee Putra
2026-05-11,442.00,TRANSFER FR A/C GLOBAL COFFEE RESOU INV-10062050 Celsius Coffee Shah
2026-05-11,620.00,TRANSFER FR A/C 365EAT FOOD SDN BHD INV-0294 CELSIUS COFFEE SHAH
2026-05-11,28.00,TRANSFER FR A/C ARIFF IZHAM BIN ABD 29042026 Celsius Coffee Tamar
2026-05-11,32.50,TRANSFER FR A/C ARIFF IZHAM BIN ABD 730663 Celsius Coffee Putra
2026-05-11,620.00,TRANSFER FR A/C 365EAT FOOD SDN BHD INV-0295 CELSIUS COFFEE TAMAR
2026-05-11,120.95,TRANSFER FR A/C ARIFF IZHAM BIN ABD 2604173JG2NYDV Celsius Coffee Putr
2026-05-11,28.00,TRANSFER FR A/C ARIFF IZHAM BIN ABD 0755 Celsius Coffee Shah
2026-05-11,49.00,TRANSFER FR A/C ARIFF IZHAM BIN ABD CS-02164578 Celsius Coffee Tamar
2026-05-11,10.25,TRANSFER FR A/C ARIFF IZHAM BIN ABD 513514 Celsius Coffee Tamar
2026-05-11,14.00,TRANSFER FR A/C ARIFF IZHAM BIN ABD 28042026 Celsius Coffee Tamar
2026-05-11,39.70,TRANSFER FR A/C ARIFF IZHAM BIN ABD 13491026042718 Celsius Coffee Shah
2026-05-11,69.90,TRANSFER FR A/C ARIFF IZHAM BIN ABD CS-0216702 Celsius Coffee Tamar
2026-05-11,12.90,TRANSFER FR A/C ARIFF IZHAM BIN ABD 088181 Celsius Coffee Tamar
2026-05-11,20.00,TRANSFER FR A/C ARIFF IZHAM BIN ABD 26059412126236 Celsius Coffee Tama
2026-05-11,30.00,TRANSFER FR A/C ARIFF IZHAM BIN ABD 34848508188328 Celsius Coffee Putr
2026-05-11,34.40,TRANSFER FR A/C ARIFF IZHAM BIN ABD 260425PWD52846 Celsius Coffee Tama
2026-05-11,8.00,TRANSFER FR A/C ARIFF IZHAM BIN ABD QR70056621 Celsius Coffee Putra
2026-05-11,5.00,TRANSFER FR A/C ARIFF IZHAM BIN ABD 2789a Celsius Coffee Putra
2026-05-11,900.00,TRANSFER FR A/C ARIFF IZHAM BIN ABD PI08378(16320) Celsius Coffee Tama
2026-05-11,49.70,TRANSFER FR A/C ARIFF IZHAM BIN ABD 260427VT377DFS Celsius Coffee Putr
2026-05-11,20.90,TRANSFER FR A/C ARIFF IZHAM BIN ABD 191131 Celsius Coffee Putra
2026-05-11,49.90,TRANSFER FR A/C ARIFF IZHAM BIN ABD 260423HSNRA1UQ Celsius Coffee Tama
2026-05-11,1707.00,TRANSFER FR A/C COLLECTIVE PROJECT IV-01975 Celsius Coffee Tamar
2026-05-11,20.00,TRANSFER FR A/C ARIFF IZHAM BIN ABD CS-0216463 Celsius Coffee Tamar
2026-05-11,10.00,TRANSFER FR A/C ARIFF IZHAM BIN ABD 12469a Celsius Coffee Nilai
2026-05-11,23.70,TRANSFER FR A/C ARIFF IZHAM BIN ABD CS-0216542 Celsius Coffee Tamar
2026-05-11,532.50,TRANSFER FR A/C ARYZTA FOOD SOLUTIO INV0846958 CELSIUS COFFEE PUTRA
2026-05-11,552.00,TRANSFER FR A/C GLOBAL COFFEE RESOU INV-10063105 Celsius Coffee Shah
2026-05-11,298.40,TRANSFER FR A/C GLOBAL COFFEE RESOU INV-10062049 Celsius Coffee Tamar
2026-05-11,364.40,TRANSFER FR A/C GLOBAL COFFEE RESOU INV-10063107 Celsius Coffee Tamar
2026-05-11,509.25,TRANSFER FR A/C ARIFF IZHAM BIN ABD 260426SDW10QQT Celsius Coffee Shah
2026-05-11,1696.50,TRANSFER FR A/C COLLECTIVE PROJECT IV-01976 Celsius Coffee Shah
2026-05-11,2533.50,TRANSFER FR A/C COLLECTIVE PROJECT IV-01974 Celsius Coffee Putra
2026-05-11,50.40,TRANSFER FR A/C ARIFF IZHAM BIN ABD 000VTS-P080005 Celsius Coffee Tama
2026-05-11,631.20,TRANSFER FR A/C RICH PRODUCTS (MALA RTPM-SO109442 Celsius Coffee Tamar
2026-05-11,426.00,TRANSFER FR A/C ARYZTA FOOD SOLUTIO INV6347036 CELSIUS COFFEE TAMAR
2026-05-11,36.40,TRANSFER FR A/C ARIFF IZHAM BIN ABD JG0125ITS15001 Celsius Coffee Putr
2026-05-12,806.00,"TRANSFER FR A/C COUNTRY BREAD BAKER INV-006361, 006392 CELSIUS COFFEE "
2026-05-12,372.00,TRANSFER FR A/C COUNTRY BREAD BAKER INV-006390 CELSIUS COFFEE TAMAR
2026-05-12,428.00,TRANSFER FR A/C ULTRA GREEN SUPPLIE 226372 Celsius Coffee Putra
2026-05-12,1017.70,TRANSFER FR A/C JG PACIFIC FOODS SD INV-0342 CELSIUS COFFEE PUTRA
2026-05-12,782.10,TRANSFER FR A/C JG PACIFIC FOODS SD INV-0340 CELSIUS COFFEE SHAH
2026-05-12,372.00,TRANSFER FR A/C COUNTRY BREAD BAKER INV-006361 CELSIUS COFFEE PUTRA
2026-05-12,375.00,TRANSFER FR A/C 365EAT FOOD SDN BHD 365IN2603-0025 CELSIUS COFFEE SHAH
2026-05-12,505.00,TRANSFER FR A/C 365EAT FOOD SDN BHD 365IN2603-0024 CELSIUS COFFEE PUTR
2026-05-12,186.00,TRANSFER FR A/C COUNTRY BREAD BAKER INV-006391 CELSIUS COFFEE SHAH
2026-05-12,806.00,"TRANSFER FR A/C COUNTRY BREAD BAKER INV-006361, 006392 CELSIUS COFFEE "
2026-05-12,252.50,TRANSFER FR A/C COUNTRY BREAD BAKER INV-006458 CELSIUS COFFEE TAMAR
2026-05-12,206.00,TRANSFER FR A/C COUNTRY BREAD BAKER INV-006422 CELSIUS COFFEE TAMAR
2026-05-12,237.00,TRANSFER FR A/C COUNTRY BREAD BAKER INV-006480 CELSIUS COFFEE TAMAR
2026-05-12,428.00,TRANSFER FR A/C ULTRA GREEN SUPPLIE 226333 Celsius Coffee Shah
2026-05-12,806.00,"TRANSFER FR A/C COUNTRY BREAD BAKER INV-006361, 006392 CELSIUS COFFEE "
2026-05-12,206.00,TRANSFER FR A/C COUNTRY BREAD BAKER INV-006441 CELSIUS COFFEE TAMAR
2026-05-12,871.30,TRANSFER FR A/C JG PACIFIC FOODS SD 26050213 CELSIUS COFFEE TAMAR
2026-05-12,196.00,TRANSFER FR A/C COUNTRY BREAD BAKER INV-006419 CELSIUS COFFEE SHAH
2026-05-12,336.00,TRANSFER FR A/C MILK & MOKA MARKETI IVCT-00010994 Celsius Coffee Shah
2026-05-12,434.00,TRANSFER FR A/C COUNTRY BREAD BAKER INV-006392 CELSIUS COFFEE PUTRA
2026-05-12,654.24,TRANSFER FR A/C TMM RESOURCES 1-14540 CELSIUS COFFEE TAMAR
2026-05-12,654.24,TRANSFER FR A/C TMM RESOURCES 1-14539 CELSIUS COFFEE PUTRA
2026-05-13,1424.00,TRANSFER FR A/C EIGHTY EIGHT FAHREN I-10752 CELSIUS COFFEE PUTRA
2026-05-13,375.00,TRANSFER FR A/C 365EAT FOOD SDN BHD 365IN2603-0023 CELSIUS COFFEE TAMA
2026-05-13,1068.00,TRANSFER FR A/C EIGHTY EIGHT FAHREN I-10751 CELSIUS COFFEE TAMAR
2026-05-13,372.00,TRANSFER FR A/C COUNTRY BREAD BAKER INV-006360 CELSIUS COFFEE TAMAR
2026-05-13,890.00,TRANSFER FR A/C EIGHTY EIGHT FAHREN I-10753 CELSIUS COFFEE SHAH
2026-05-13,768.00,TRANSFER FR A/C KUALA LUMPUR FRIED 00648598 CELSIUS COFFEE PUTRA
2026-05-13,806.00,"TRANSFER FR A/C COUNTRY BREAD BAKER INV-006361, 006392 CELSIUS COFFEE "
2026-05-13,189.30,TRANSFER FR A/C COLLECTIVE PROJECT IV-02009 Celsius Coffee Tamar
2026-05-13,440.00,TRANSFER FR A/C ERUL FOOD INDUSTRIE INV-2509292 Celsius Coffee Tamar
2026-05-13,428.00,TRANSFER FR A/C ULTRA GREEN SUPPLIE 226380 Celsius Coffee Tamar
2026-05-13,440.00,TRANSFER FR A/C ERUL FOOD INDUSTRIE INV-2509291 Celsius Coffee Shah
2026-05-13,143.50,TRANSFER FR A/C COLLECTIVE PROJECT IV-02010 Celsius Coffee Nilai
2026-05-13,440.00,TRANSFER FR A/C ERUL FOOD INDUSTRIE INV-2509290 Celsius Coffee Putra
2026-05-13,281.50,TRANSFER FR A/C COLLECTIVE PROJECT IV-02008 Celsius Coffee Shah
2026-05-13,281.50,TRANSFER FR A/C COLLECTIVE PROJECT IV-02007 Celsius Coffee Putra
2026-05-13,768.00,TRANSFER FR A/C KUALA LUMPUR FRIED 00648614 CELSIUS COFFEE SHAH
2026-05-15,336.00,TRANSFER FR A/C ARIFF IZHAM BIN ABD F26051321 Celsius Coffee Putra
2026-05-15,490.68,TRANSFER FR A/C TMM RESOURCES 1-14622 CELSIUS COFFEE PUTRA
2026-05-15,364.00,TRANSFER FR A/C BLANCOZ SDN BHD 26-0451 CELSIUS COFFEE SHAH
2026-05-15,320.00,TRANSFER FR A/C JS BREADSERIE ENTER SO-00574 Celsius Coffee Shah
2026-05-15,264.00,TRANSFER FR A/C BLANCOZ SDN BHD 26-0443 CELSIUS COFFEE PUTRA
2026-05-15,264.00,TRANSFER FR A/C BLANCOZ SDN BHD 26-0447 CELSIUS COFFEE TAMAR
2026-05-15,378.00,TRANSFER FR A/C ELITE PAC SDN BHD IV-00114 CELSIUS COFFEE SHAH
2026-05-15,341.04,TRANSFER FR A/C PASTRY WORLD SDN. B SO2605/0083 CELSIUS COFFEE SHAH
2026-05-15,320.00,TRANSFER FR A/C JS BREADSERIE ENTER SO-00576 Celsius Coffee Tamar
2026-05-15,450.00,TRANSFER FR A/C ARIFF IZHAM BIN ABD 12052026 Celsius Coffee Tamar
2026-05-15,378.00,TRANSFER FR A/C ELITE PAC SDN BHD IV-00113 CELSIUS COFFEE PUTRA
2026-05-15,615.00,TRANSFER FR A/C ARIFF IZHAM BIN ABD 006 Celsius Coffee Putra
2026-05-15,378.00,TRANSFER FR A/C ELITE PAC SDN BHD IV-00111 CELSIUS COFFEE TAMAR
2026-05-15,490.00,TRANSFER FR A/C 365EAT FOOD SDN BHD 365IN2605-0046 CELSIUS COFFEE TAMA
2026-05-15,654.24,TRANSFER FR A/C TMM RESOURCES 1-14586 CELSIUS COFFEE PUTRA
2026-05-15,360.00,TRANSFER FR A/C 365EAT FOOD SDN BHD 365IN2605-0048 CELSIUS COFFEE PUTR
2026-05-15,320.00,TRANSFER FR A/C JS BREADSERIE ENTER SO-00575 Celsius Coffee Putra
2026-05-15,490.68,TRANSFER FR A/C TMM RESOURCES 1-14643 CELSIUS COFFEE NILAI
2026-05-15,341.04,TRANSFER FR A/C PASTRY WORLD SDN. B SO2605/0085 CELSIUS COFFEE PUTRA
2026-05-15,341.04,TRANSFER FR A/C PASTRY WORLD SDN. B SO2605/0079 CELSIUS COFFEE TAMAR
2026-05-16,2533.50,TRANSFER FR A/C COLLECTIVE PROJECT IV-01987 Celsius Coffee Putra
2026-05-19,21.00,TRANSFER FR A/C ARIFF IZHAM BIN ABD Joc12612515602 Celsius Coffee Putr
2026-05-19,29.90,TRANSFER FR A/C ARIFF IZHAM BIN ABD 0226050219 Celsius Coffee Shah
2026-05-19,509.25,TRANSFER FR A/C ARIFF IZHAM BIN ABD 260506NMCGFP1J Celsius Coffee Putr
2026-05-19,946.80,TRANSFER FR A/C RICH PRODUCTS (MALA RTPM-SO110769 Celsius Coffee Putra
2026-05-19,143.09,TRANSFER FR A/C ARIFF IZHAM BIN ABD 2604293K65BPQY Celsius Coffee Putr
2026-05-19,10.00,TRANSFER FR A/C ARIFF IZHAM BIN ABD 12393 Celsius Coffee Putra
2026-05-19,15.60,TRANSFER FR A/C ARIFF IZHAM BIN ABD 734898 Celsius Coffee Putra
2026-05-19,10.00,TRANSFER FR A/C ARIFF IZHAM BIN ABD 12815 Celsius Coffee Putra
2026-05-19,21.40,TRANSFER FR A/C ARIFF IZHAM BIN ABD 60750789 Celsius Coffee Putra
2026-05-19,13.00,TRANSFER FR A/C ARIFF IZHAM BIN ABD 60321148789A Celsius Coffee Putra
2026-05-19,19.50,TRANSFER FR A/C ARIFF IZHAM BIN ABD 731175A Celsius Coffee Putra
2026-05-19,26.00,TRANSFER FR A/C ARIFF IZHAM BIN ABD 01-733587 Celsius Coffee Putra
2026-05-19,51.90,TRANSFER FR A/C PTS FOOD DISTRIBUTI PF26050109 Celsius Coffee Putra
2026-05-19,107.32,TRANSFER FR A/C ARIFF IZHAM BIN ABD 2604293K2KTRCR Celsius Coffee Tama
2026-05-19,6.40,TRANSFER FR A/C ARIFF IZHAM BIN ABD 655660390106 Celsius Coffee Putra
2026-05-19,10.00,TRANSFER FR A/C ARIFF IZHAM BIN ABD 12827 Celsius Coffee Putra
2026-05-19,375.00,TRANSFER FR A/C PTS FOOD DISTRIBUTI PL26050050 Celsius Coffee Tamar
2026-05-19,41.50,TRANSFER FR A/C ARIFF IZHAM BIN ABD 2604294ANGE563 Celsius Coffee Tama
2026-05-19,25.00,TRANSFER FR A/C ARIFF IZHAM BIN ABD 34849934765658 Celsius Coffee Putr
2026-05-19,23.50,TRANSFER FR A/C ARIFF IZHAM BIN ABD INV-0007 Celsius Coffee Tamar
2026-05-19,22.52,TRANSFER FR A/C ARIFF IZHAM BIN ABD 260506NEXB5RPP Celsius Coffee Tama
2026-05-19,502.26,TRANSFER FR A/C ARIFF IZHAM BIN ABD 502526 Celsius Coffee Shah
2026-05-19,41.50,TRANSFER FR A/C ARIFF IZHAM BIN ABD 34906379806523 Celsius Coffee Shah
2026-05-19,350.00,TRANSFER FR A/C JIJUS CAKES TO SHAR IV4964 CELSIUS COFFEE TAMAR
2026-05-19,19.50,TRANSFER FR A/C ARIFF IZHAM BIN ABD 035141 Celsius Coffee Putra
2026-05-19,12.00,TRANSFER FR A/C ARIFF IZHAM BIN ABD 2605023925AC14 Celsius Coffee Putr
2026-05-19,375.70,TRANSFER FR A/C ARIFF IZHAM BIN ABD J6C12612212004 Celsius Coffee Putr
2026-05-19,12.00,TRANSFER FR A/C ARIFF IZHAM BIN ABD QR84517660 Celsius Coffee Putra
2026-05-19,198.70,TRANSFER FR A/C ARIFF IZHAM BIN ABD A-9A6PWENGWF9O Celsius Coffee Putr
2026-05-19,38.40,TRANSFER FR A/C ARIFF IZHAM BIN ABD 3C 2DF6D77C2EC Celsius Coffee Putr
2026-05-19,111.30,TRANSFER FR A/C ARIFF IZHAM BIN ABD SH012795 Celsius Coffee Tamar
2026-05-19,194.06,TRANSFER FR A/C ARIFF IZHAM BIN ABD VBT9680 Celsius Coffee Tamar
2026-05-19,26.00,TRANSFER FR A/C ARIFF IZHAM BIN ABD 603211448789 Celsius Coffee Putra
2026-05-19,30.00,TRANSFER FR A/C ARIFF IZHAM BIN ABD 34848508188328 Celsius Coffee Putr
2026-05-19,19.10,TRANSFER FR A/C ARIFF IZHAM BIN ABD ZH60-T1-116155 Celsius Coffee Putr
2026-05-19,118.10,TRANSFER FR A/C ARIFF IZHAM BIN ABD GM-389 Celsius Coffee Shah
2026-05-19,184.90,TRANSFER FR A/C ARIFF IZHAM BIN ABD TA022020050800 Celsius Coffee Putr
2026-05-19,213.60,TRANSFER FR A/C PTS FOOD DISTRIBUTI PG26050186 Celsius Coffee Shah
2026-05-19,213.60,TRANSFER FR A/C PTS FOOD DISTRIBUTI PG26050187 Celsius Coffee Shah
2026-05-19,19.50,TRANSFER FR A/C ARIFF IZHAM BIN ABD 732931 Celsius Coffee Putra
2026-05-19,375.00,TRANSFER FR A/C PTS FOOD DISTRIBUTI PL26050048 Celsius Coffee Putra
2026-05-19,24.15,TRANSFER FR A/C ARIFF IZHAM BIN ABD H0290620260501 Celsius Coffee Shah
2026-05-19,360.00,TRANSFER FR A/C 365EAT FOOD SDN BHD INV 0497 Celsius Coffee Shah
2026-05-19,5.20,TRANSFER FR A/C ARIFF IZHAM BIN ABD 1491502605061I Celsius Coffee Shah
2026-05-19,375.00,TRANSFER FR A/C PTS FOOD DISTRIBUTI PL26050049 Celsius Coffee Shah
2026-05-19,1028.00,TRANSFER FR A/C DANKOFF SDN BHD IN600147894 CELSIUS COFFEE SHAH
2026-05-19,536.75,TRANSFER FR A/C DANKOFF SDN BHD IN600149691 CELSIUS COFFEE SHAH
2026-05-19,1302.00,TRANSFER FR A/C NYC TREATS RESOURCE 1200 Celsius Coffee Shah
2026-05-19,816.00,TRANSFER FR A/C INTER CHAIN FOOD SU IV2605-00573 CELSIUS COFFEE SHAH
2026-05-19,84.79,TRANSFER FR A/C ARIFF IZHAM BIN ABD A-9AXEF87WW4QN Celsius Coffee Shah
2026-05-19,350.00,TRANSFER FR A/C JIJUS CAKES TO SHAR IV4963 CELSIUS COFFEE SHAH
2026-05-19,38.10,TRANSFER FR A/C ARIFF IZHAM BIN ABD H0290620260505 Celsius Coffee Shah
2026-05-19,129.80,TRANSFER FR A/C ARIFF IZHAM BIN ABD 26042946SUN0W4 Celsius Coffee Shah
2026-05-19,17.90,TRANSFER FR A/C ARIFF IZHAM BIN ABD 34901489528992 Celsius Coffee Shah
2026-05-19,107.32,TRANSFER FR A/C ARIFF IZHAM BIN ABD 2604293K82DBX7 Celsius Coffee Shah
2026-05-19,34.60,TRANSFER FR A/C PTS FOOD DISTRIBUTI PF26050111 Celsius Coffee Shah
2026-05-19,128.30,TRANSFER FR A/C ARIFF IZHAM BIN ABD A-9AXH9VJGW9BR Celsius Coffee Putr
2026-05-19,13.35,TRANSFER FR A/C ARIFF IZHAM BIN ABD JBC12612415602 Celsius Coffee Putr
2026-05-19,16.05,TRANSFER FR A/C ARIFF IZHAM BIN ABD JRC12012015021 Celsius Coffee Putr
2026-05-19,873.00,TRANSFER FR A/C DANKOFF SDN BHD IN600147963 CELSIUS COFFEE PUTRA
2026-05-19,51.90,TRANSFER FR A/C PTS FOOD DISTRIBUTI PF26050112 Celsius Coffee Tamar
2026-05-19,213.60,TRANSFER FR A/C PTS FOOD DISTRIBUTI PG26050181 Celsius Coffee Putra
2026-05-19,81.00,TRANSFER FR A/C ARIFF IZHAM BIN ABD 00012012514029 Celsius Coffee Putr
2026-05-19,10.00,TRANSFER FR A/C ARIFF IZHAM BIN ABD 12841 Celsius Coffee Putra
2026-05-19,5.80,TRANSFER FR A/C ARIFF IZHAM BIN ABD 735497 Celsius Coffee Putra
2026-05-19,350.00,TRANSFER FR A/C JIJUS CAKES TO SHAR IV4965 CELSIUS COFFEE PUTRA
2026-05-19,25.00,TRANSFER FR A/C ARIFF IZHAM BIN ABD 34861876439041 Celsius Coffee Putr
2026-05-19,55.00,TRANSFER FR A/C ARIFF IZHAM BIN ABD 34907337730862 Celsius Coffee Nila
2026-05-19,23.00,TRANSFER FR A/C ARIFF IZHAM BIN ABD 34863130726023 Celsius Coffee Shah
2026-05-19,83.00,TRANSFER FR A/C ARIFF IZHAM BIN ABD CSS13-00018401 Celsius Coffee Shah
2026-05-19,51.90,TRANSFER FR A/C ARIFF IZHAM BIN ABD 10150120260508 Celsius Coffee Shah
2026-05-19,31.00,TRANSFER FR A/C ARIFF IZHAM BIN ABD 314821310/102/ Celsius Coffee Shah
2026-05-19,10.00,TRANSFER FR A/C ARIFF IZHAM BIN ABD 12358 Celsius Coffee Putra
2026-05-19,72.00,TRANSFER FR A/C ARIFF IZHAM BIN ABD CS-0217119 Celsius Coffee Putra
2026-05-19,867.35,TRANSFER FR A/C DANKOFF SDN BHD IN600149692 CELSIUS COFFEE PUTRA
2026-05-19,631.20,TRANSFER FR A/C RICH PRODUCTS (MALA RTPM-SO110770 Celsius Coffee Shah
2026-05-19,6.60,TRANSFER FR A/C ARIFF IZHAM BIN ABD 000VTS-P060005 Celsius Coffee Tama
2026-05-19,24.20,TRANSFER FR A/C ARIFF IZHAM BIN ABD 000VTS-P020001 Celsius Coffee Tama
2026-05-19,654.24,TRANSFER FR A/C TMM RESOURCES 1 14587 Celsius Coffee Tamar
2026-05-19,27.90,TRANSFER FR A/C ARIFF IZHAM BIN ABD 000VIS-POG0005 Celsius Coffee Tama
2026-05-19,490.68,TRANSFER FR A/C TMM RESOURCES 1-14665 CELSIUS COFFEE TAMAR
2026-05-19,612.60,TRANSFER FR A/C DANKOFF SDN BHD IN600147895 CELSIUS COFFEE TAMAR
2026-05-19,734.35,TRANSFER FR A/C DANKOFF SDN BHD IN600149693 CELSIUS COFFEE TAMAR
2026-05-19,920.00,TRANSFER FR A/C NYC TREATS RESOURCE 1199 Celsius Coffee Tamar
2026-05-19,72.00,TRANSFER FR A/C ARIFF IZHAM BIN ABD C5-0217027 Celsius Coffee Tamar
2026-05-20,2533.50,TRANSFER FR A/C COLLECTIVE PROJECT IV-01987 Celsius Coffee Putra
2026-05-20,2533.50,TRANSFER FR A/C COLLECTIVE PROJECT IV-01989 Celsius Coffee Shah
2026-05-20,426.00,TRANSFER FR A/C ARYZTA FOOD SOLUTIO INV0849665 CELSIUS COFFEE SHAH
2026-05-20,454.50,TRANSFER FR A/C COLLECTIVE PROJECT IV-01990 Celsius Coffee Nilai
2026-05-20,1703.70,TRANSFER FR A/C COLLECTIVE PROJECT IV-01988 Celsius Coffee Tamar
2026-05-20,532.50,TRANSFER FR A/C ARYZTA FOOD SOLUTIO INV-0601 CELSIUS COFFEE PUTRA
2026-05-21,320.00,TRANSFER FR A/C JS BREADSERIE ENTER SO-00586 Celsius Coffee Tamar
2026-05-21,375.00,TRANSFER FR A/C JS BREADSERIE ENTER SO-00584 Celsius Coffee Putra
2026-05-21,281.50,TRANSFER FR A/C COLLECTIVE PROJECT IV-02020 Celsius Coffee Shah
2026-05-21,281.50,TRANSFER FR A/C COLLECTIVE PROJECT IV-02019 Celsius Coffee Putra
2026-05-21,1178.50,TRANSFER FR A/C JG PACIFIC FOODS SD 26050624 CELSIUS COFFEE SHAH
2026-05-21,235.80,TRANSFER FR A/C COLLECTIVE PROJECT IV-02021 Celsius Coffee Tamar
2026-05-21,800.00,TRANSFER FR A/C MULTI-WAYS PACKAGIN Pro.Inv-002124 Celsius Coffee Shah
2026-05-21,320.00,TRANSFER FR A/C JS BREADSERIE ENTER SO-00585 Celsius Coffee Shah
2026-05-21,1618.90,TRANSFER FR A/C JG PACIFIC FOODS SD 26050620 CELSIUS COFFEE PUTRA
2026-05-22,490.00,TRANSFER FR A/C 365EAT FOOD SDN BHD 365IN2605-0069 CELSIUS COFFEE PUTR
2026-05-22,272.00,TRANSFER FR A/C BLANCOZ SDN BHD 26-0477 CELSIUS COFFEE PUTRA
2026-05-22,341.04,TRANSFER FR A/C PASTRY WORLD SDN. B SO2605/2518 CELSIUS COFFEE SHAH
2026-05-22,341.04,TRANSFER FR A/C PASTRY WORLD SDN. B SO2605/2515 CELSIUS COFFEE TAMAR
2026-05-22,360.00,TRANSFER FR A/C 365EAT FOOD SDN BHD 365IN2605-0070 CELSIUS COFFEE SHAH
2026-05-22,341.04,TRANSFER FR A/C PASTRY WORLD SDN. B SO2605/2517 CELSIUS COFFEE PUTRA
2026-05-22,490.00,TRANSFER FR A/C 365EAT FOOD SDN BHD 365IN2605-0071 CELSIUS COFFEE TAMA
2026-05-22,260.00,TRANSFER FR A/C BLANCOZ SDN BHD 26-0479 CELSIUS COFFEE TAMAR
2026-05-22,260.00,TRANSFER FR A/C BLANCOZ SDN BHD 26-0478 CELSIUS COFFEE SHAH
2026-05-25,12.00,TRANSFER FR A/C ARIFF IZHAM BIN ABD 8975607 Celsius Coffee Putra
2026-05-25,512.70,TRANSFER FR A/C MILK & MOKA MARKETI IVCT-00011145 Celsius Coffee Shah
2026-05-25,17.40,TRANSFER FR A/C ARIFF IZHAM BIN ABD 34943831932248 Celsius Coffee Nila
2026-05-25,100.00,"TRANSFER FR A/C ARIFF IZHAM BIN ABD 124,1535/2/202 Celsius Coffee Tama"
2026-05-25,396.00,TRANSFER FR A/C MUHAMAD SYAFIQ AIMA ECB-06615 CELSIUS COFFEE SHAH
2026-05-25,594.72,TRANSFER FR A/C TMM RESOURCES 1-14768 CELSIUS COFFEE PUTRA
2026-05-25,25.00,"TRANSFER FR A/C ARIFF IZHAM BIN ABD 12864,12850 Celsius Coffee Putra"
2026-05-25,10.25,TRANSFER FR A/C ARIFF IZHAM BIN ABD 12885 Celsius Coffee Putra
2026-05-25,71.50,TRANSFER FR A/C ARIFF IZHAM BIN ABD Z147 Celsius Coffee Shah
2026-05-25,28.10,TRANSFER FR A/C ARIFF IZHAM BIN ABD H0290420260509 Celsius Coffee Shah
2026-05-25,35.70,TRANSFER FR A/C ARIFF IZHAM BIN ABD 34920816811612 Celsius Coffee Nila
2026-05-25,19.70,TRANSFER FR A/C ARIFF IZHAM BIN ABD 34922003116943 Celsius Coffee Shah
2026-05-25,41.70,TRANSFER FR A/C MUHAMAD SYAFIQ AIMA CS-0213623 CELSIUS COFFEE SHAH
2026-05-25,17.30,TRANSFER FR A/C ARIFF IZHAM BIN ABD HO290120260510 Celsius Coffee Shah
2026-05-25,83.40,TRANSFER FR A/C MUHAMAD SYAFIQ AIMA 346953790969737635B CELSIUS COFFEE
2026-05-25,675.70,TRANSFER FR A/C BEARD BROTHERS MEAT INV2605/002 CELSIUS COFFEE TAMAR
2026-05-25,25.25,TRANSFER FR A/C ARIFF IZHAM BIN ABD 58397634633069 Celsius Coffee Shah
2026-05-25,181.00,TRANSFER FR A/C CATELUX ENTERPRISE F26052354 Celsius Coffee Shah
2026-05-25,336.00,TRANSFER FR A/C MILK & MOKA MARKETI IVCT-00011184 Celsius Coffee Shah
2026-05-25,512.70,TRANSFER FR A/C MILK & MOKA MARKETI IVCT-00011067 Celsius Coffee Shah
2026-05-25,37.90,TRANSFER FR A/C ARIFF IZHAM BIN ABD JGC12613166021 Celsius Coffee Putr
2026-05-25,667.50,TRANSFER FR A/C BEARD BROTHERS MEAT INV2605/003 CELSIUS COFFEE SHAH
2026-05-25,852.60,TRANSFER FR A/C JG PACIFIC FOODS SD 26050777 CELSIUS COFFEE TAMAR
2026-05-25,53.60,TRANSFER FR A/C ARIFF IZHAM BIN ABD QQQVTS-PQ500Q6 Celsius Coffee Tama
2026-05-25,594.72,TRANSFER FR A/C TMM RESOURCES 1-14767 CELSIUS COFFEE TAMAR
2026-05-25,12.00,TRANSFER FR A/C ARIFF IZHAM BIN ABD J6C12613312004 Celsius Coffee Putr
2026-05-25,679.68,TRANSFER FR A/C TMM RESOURCES 1-14696 CELSIUS COFFEE PUTRA
2026-05-25,181.00,TRANSFER FR A/C CATELUX ENTERPRISE F26052361 Celsius Coffee Putra
2026-05-25,1207.90,TRANSFER FR A/C JG PACIFIC FOODS SD 26050776 CELSIUS COFFEE SHAH
2026-05-25,18.00,TRANSFER FR A/C ARIFF IZHAM BIN ABD 34921596908367 Celsius Coffee Tama
2026-05-25,6.50,TRANSFER FR A/C ARIFF IZHAM BIN ABD 737067 Celsius Coffee Putra
2026-05-25,12.00,TRANSFER FR A/C ARIFF IZHAM BIN ABD T2 R00019979 Celsius Coffee Putra
2026-05-25,17.80,TRANSFER FR A/C ARIFF IZHAM BIN ABD 34922803051450 Celsius Coffee Putr
2026-05-25,181.00,TRANSFER FR A/C CATELUX ENTERPRISE F26052361 CATELUX ENTERPRISE
2026-05-25,19.50,TRANSFER FR A/C ARIFF IZHAM BIN ABD 739147 Celsius Coffee Putra
2026-05-25,13.20,TRANSFER FR A/C ARIFF IZHAM BIN ABD 34928156782962 Celsius Coffee Putr
2026-05-25,164.60,TRANSFER FR A/C ARIFF IZHAM BIN ABD 10150720260510 Celsius Coffee Shah
2026-05-25,98.00,TRANSFER FR A/C ARIFF IZHAM BIN ABD CS-0218184 Celsius Coffee Tamar
2026-05-25,8.90,TRANSFER FR A/C ARIFF IZHAM BIN ABD 639252 Celsius Coffee Tamar
2026-05-25,9.50,TRANSFER FR A/C ARIFF IZHAM BIN ABD Z195-T3-420569 Celsius Coffee Tama
2026-05-25,4.05,TRANSFER FR A/C ARIFF IZHAM BIN ABD 000VTS-P060005 Celsius Coffee Tama
2026-05-25,768.00,TRANSFER FR A/C KUALA LUMPUR FRIED 00647576 CELSIUS COFFEE SHAH
2026-05-25,18.95,TRANSFER FR A/C ARIFF IZHAM BIN ABD H0290820260510 Celsius Coffee Shah
2026-05-25,675.70,TRANSFER FR A/C BEARD BROTHERS MEAT INV2605/001 CELSIUS COFFEE PUTRA
2026-05-25,27.80,TRANSFER FR A/C ARIFF IZHAM BIN ABD 736853 Celsius Coffee Putra
2026-05-25,13.00,TRANSFER FR A/C ARIFF IZHAM BIN ABD 738365 Celsius Coffee Putra
2026-05-25,144.00,TRANSFER FR A/C ARIFF IZHAM BIN ABD 30511106000006 Celsius Coffee Putr
2026-05-25,1300.00,TRANSFER FR A/C ARIFF IZHAM BIN ABD 218 Celsius Coffee Tamar
2026-05-25,19.50,"TRANSFER FR A/C ARIFF IZHAM BIN ABD 736982, 737067 Celsius Coffee Putr"
2026-05-25,88.50,TRANSFER FR A/C ARIFF IZHAM BIN ABD 12280 Celsius Coffee Putra
2026-05-25,10.00,TRANSFER FR A/C ARIFF IZHAM BIN ABD 12875 Celsius Coffee Putra
2026-05-25,4.70,TRANSFER FR A/C ARIFF IZHAM BIN ABD 1907-88899 Celsius Coffee Shah
2026-05-25,11.60,TRANSFER FR A/C ARIFF IZHAM BIN ABD 736073 Celsius Coffee Putra
2026-05-25,9.60,TRANSFER FR A/C ARIFF IZHAM BIN ABD J6K72612916007 Celsius Coffee Putr
2026-05-25,71.50,"TRANSFER FR A/C ARIFF IZHAM BIN ABD 731175, 736334 Celsius Coffee Putr"
2026-05-25,80.00,TRANSFER FR A/C ARIFF IZHAM BIN ABD 10150220260513 Celsius Coffee Shah
2026-05-25,14.50,TRANSFER FR A/C ARIFF IZHAM BIN ABD 34920395843328 Celsius Coffee Putr
2026-05-25,26.40,TRANSFER FR A/C ARIFF IZHAM BIN ABD 34942143949451 Celsius Coffee Putr
2026-05-26,115.36,TRANSFER FR A/C ARIFF IZHAM BIN ABD 26051161SWR056 Celsius Coffee Putr
2026-05-26,61.80,TRANSFER FR A/C ARIFF IZHAM BIN ABD JGC12613617030 Celsius Coffee Putr
2026-05-26,9.90,TRANSFER FR A/C ARIFF IZHAM BIN ABD 2022060617T013 Celsius Coffee Putr
2026-05-26,529.15,TRANSFER FR A/C DANKOFF SDN BHD IN600151076 CELSIUS COFFEE PUTRA
2026-05-26,924.00,TRANSFER FR A/C NYC TREATS RESOURCE 1201 Celsius Coffee Putra
2026-05-26,97.20,TRANSFER FR A/C ARIFF IZHAM BIN ABD JBG12613717601 Celsius Coffee Putr
2026-05-26,13.20,TRANSFER FR A/C ARIFF IZHAM BIN ABD 150531 Celsius Coffee Putra
2026-05-26,281.50,TRANSFER FR A/C COLLECTIVE PROJECT JV-02033 Celsius Coffee Putra
2026-05-26,42.95,TRANSFER FR A/C ARIFF IZHAM BIN ABD H0290230260516 Celsius Coffee Shah
2026-05-26,198.70,TRANSFER FR A/C ARIFF IZHAM BIN ABD A-9A6PWENGWF9O Celsius Coffee Putr
2026-05-26,128.30,TRANSFER FR A/C ARIFF IZHAM BIN ABD A-9AXH9VJGW9BR Celsius Coffee Putr
2026-05-26,51.90,TRANSFER FR A/C ARIFF IZHAM BIN ABD 004379 Celsius Coffee Putra
2026-05-26,14.00,TRANSFER FR A/C ARIFF IZHAM BIN ABD 58404102439308 Celsius Coffee Putr
2026-05-26,97.20,TRANSFER FR A/C ARIFF IZHAM BIN ABD JGC12613710001 Celsius Coffee Putr
2026-05-26,25.03,TRANSFER FR A/C ARIFF IZHAM BIN ABD 26051022N6C6EU Celsius Coffee Putr
2026-05-26,8.80,TRANSFER FR A/C ARIFF IZHAM BIN ABD JG612613613620 Celsius Coffee Putr
2026-05-26,504.45,TRANSFER FR A/C DANKOFF SDN BHD IN600151077 CELSIUS COFFEE SHAH
2026-05-26,350.00,TRANSFER FR A/C JIJUS CAKES TO SHAR IV5012 CELSIUS COFFEE SHAH
2026-05-26,894.00,TRANSFER FR A/C NYC TREATS RESOURCE 1203 Celsius Coffee Shah
2026-05-26,97.00,TRANSFER FR A/C COLLECTIVE PROJECT IV-02037 Celsius Coffee Nilai
2026-05-26,188.50,TRANSFER FR A/C COLLECTIVE PROJECT IV-02035 Celsius Coffee Shah
2026-05-26,36.00,TRANSFER FR A/C ARIFF IZHAM BIN ABD 2605126WYFC3WW Celsius Coffee Shah
2026-05-26,125.60,TRANSFER FR A/C ARIFF IZHAM BIN ABD A-994OXB3W3XRV Celsius Coffee Shah
2026-05-26,73.50,TRANSFER FR A/C ARIFF IZHAM BIN ABD 26051163Q9BFV6 Celsius Coffee Putr
2026-05-26,73.50,TRANSFER FR A/C ARIFF IZHAM BIN ABD 26051163MPERGA Celsius Coffee Tama
2026-05-26,11.80,TRANSFER FR A/C ARIFF IZHAM BIN ABD 740295 Celsius Coffee Putra
2026-05-26,11.80,TRANSFER FR A/C ARIFF IZHAM BIN ABD 740251 Celsius Coffee Putra
2026-05-26,176.60,TRANSFER FR A/C ARIFF IZHAM BIN ABD A-98WCS49GX5CT Celsius Coffee Putr
2026-05-26,520.00,TRANSFER FR A/C JIJUS CAKES TO SHAR IV5014 CELSIUS COFFEE PUTRA
2026-05-26,56.17,TRANSFER FR A/C ARIFF IZHAM BIN ABD 260508SBPFPGSM Celsius Coffee Putr
2026-05-26,15.85,TRANSFER FR A/C ARIFF IZHAM BIN ABD JGT26135120043 Celsius Coffee Putr
2026-05-26,30.00,TRANSFER FR A/C ARIFF IZHAM BIN ABD 0219527 Celsius Coffee Tamar
2026-05-26,920.00,TRANSFER FR A/C NYC TREATS RESOURCE 1202 Celsius Coffee Tamar
2026-05-26,189.30,TRANSFER FR A/C COLLECTIVE PROJECT IV-02036 Celsius Coffee Tamar
2026-05-26,5.60,TRANSFER FR A/C ARIFF IZHAM BIN ABD 260506NEUAUJFV Celsius Coffee Tama
2026-05-26,502.55,TRANSFER FR A/C DANKOFF SDN BHD IN600151080 CELSIUS COFFEE TAMAR
2026-05-26,115.36,TRANSFER FR A/C ARIFF IZHAM BIN ABD 26051161VW4HJQ Celsius Coffee Tama
2026-05-26,25.60,TRANSFER FR A/C ARIFF IZHAM BIN ABD SH01 ZI95 Celsius Coffee Tamar
2026-05-26,84.79,TRANSFER FR A/C ARIFF IZHAM BIN ABD A-9AXEF87WW4QN Celsius Coffee Shah
2026-05-26,74.20,TRANSFER FR A/C ARIFF IZHAM BIN ABD GBSA15052026 Celsius Coffee Shah
2026-05-26,6.47,TRANSFER FR A/C ARIFF IZHAM BIN ABD 2605114X2C9E6H Celsius Coffee Shah
2026-05-26,350.00,TRANSFER FR A/C JIJUS CAKES TO SHAR IV5013 CELSIUS COFFEE TAMAR
2026-05-26,73.50,TRANSFER FR A/C ARIFF IZHAM BIN ABD 26051163S3J0RS Celsius Coffee Shah
2026-05-26,631.20,TRANSFER FR A/C RICH PRODUCTS (MALA RTPM-SI102465 Celsius Coffee Shah
2026-05-26,10.50,TRANSFER FR A/C ARIFF IZHAM BIN ABD 000VTS-P000006 Celsius Coffee Tama
2026-05-26,14.50,TRANSFER FR A/C ARIFF IZHAM BIN ABD 070537 Celsius Coffee Tamar
2026-05-26,22.50,TRANSFER FR A/C ARIFF IZHAM BIN ABD 34964937226890 Celsius Coffee Tama
2026-05-26,22.50,TRANSFER FR A/C ARIFF IZHAM BIN ABD 34979411674112 Celsius Coffee Tama
2026-05-26,27.80,TRANSFER FR A/C ARIFF IZHAM BIN ABD 001920 Celsius Coffee Tamar
2026-05-26,194.06,TRANSFER FR A/C ARIFF IZHAM BIN ABD A-9A6PJR7WWWJA Celsius Coffee Tama
2026-05-26,60.00,TRANSFER FR A/C ARIFF IZHAM BIN ABD 1770123735 Celsius Coffee Putra
2026-05-26,26.44,TRANSFER FR A/C ARIFF IZHAM BIN ABD 2605115VYDXMQR Celsius Coffee Putr
2026-05-28,1180.00,TRANSFER FR A/C XORA ENTERPRISE SDN SO-31522 CELSIUS COFFEE TAMAR
2026-05-28,13.90,TRANSFER FR A/C ARIFF IZHAM BIN ABD 965700208133 Celsius Coffee Tamar
2026-05-28,32.48,TRANSFER FR A/C ARIFF IZHAM BIN ABD 2605211YQHX0JB Celsius Coffee Putr
2026-05-28,40.20,TRANSFER FR A/C ARIFF IZHAM BIN ABD JBC12614215OO2 Celsius Coffee Putr
2026-05-28,13.86,TRANSFER FR A/C ARIFF IZHAM BIN ABD 260517MNC6XJAJ Celsius Coffee Putr
2026-05-28,690.00,TRANSFER FR A/C PXL MARKETING SDN B 148960 CELSIUS COFFEE SHAH
2026-05-28,70.52,TRANSFER FR A/C ARIFF IZHAM BIN ABD 26052369Q622JY Celsius Coffee Shah
2026-05-28,199.88,TRANSFER FR A/C ARIFF IZHAM BIN ABD 260516HRXHC79T Celsius Coffee Shah
2026-05-28,95.70,TRANSFER FR A/C ARIFF IZHAM BIN ABD 10150820260521 Celsius Coffee Shah
2026-05-28,30.00,TRANSFER FR A/C ARIFF IZHAM BIN ABD 34995854562895 Celsius Coffee Shah
2026-05-28,185.10,TRANSFER FR A/C ARIFF IZHAM BIN ABD JGC12611410002 Celsius Coffee Putr
2026-05-28,8.10,TRANSFER FR A/C ARIFF IZHAM BIN ABD 2207852222386C Celsius Coffee Nila
2026-05-28,113.05,TRANSFER FR A/C ARIFF IZHAM BIN ABD SAS90520260521 Celsius Coffee Shah
2026-05-28,534.50,TRANSFER FR A/C UNIQUE PAPER SDN. B INV-0612 CELSIUS COFFEE SHAH
2026-05-28,465.20,TRANSFER FR A/C UNIQUE PAPER SDN. B INV-0613 CELSIUS COFFEE PUTRA
2026-05-28,11.70,TRANSFER FR A/C ARIFF IZHAM BIN ABD CS-0219961 Celsius Coffee Tamar
2026-05-28,15.30,TRANSFER FR A/C ARIFF IZHAM BIN ABD 35017192545192 Celsius Coffee Putr
2026-05-28,22.00,TRANSFER FR A/C ARIFF IZHAM BIN ABD 34994186009205 Celsius Coffee Putr
2026-05-28,128.66,TRANSFER FR A/C ARIFF IZHAM BIN ABD 260522364P8UCY Celsius Coffee Putr
2026-05-28,490.00,TRANSFER FR A/C 365EAT FOOD SDN BHD 365IN2605-0049 CELSIUS COFFEE SHAH
2026-05-28,50.00,"TRANSFER FR A/C ARIFF IZHAM BIN ABD 12290, 07344, Celsius Coffee Putra"
2026-05-28,58.50,"TRANSFER FR A/C ARIFF IZHAM BIN ABD 737977, 733469 Celsius Coffee Putr"
2026-05-28,9.40,TRANSFER FR A/C ARIFF IZHAM BIN ABD 260518Q4YFBSUX Celsius Coffee Putr
2026-05-28,310.50,TRANSFER FR A/C UNIQUE PAPER SDN. B INV-0614 CELSIUS COFFEE TAMAR
2026-05-28,88.75,TRANSFER FR A/C ARIFF IZHAM BIN ABD JGC12014115020 Celsius Coffee Putr
2026-05-28,71.40,TRANSFER FR A/C ARIFF IZHAM BIN ABD 260516H611KA16 Celsius Coffee Putr
2026-05-28,518.70,TRANSFER FR A/C PTS FOOD DISTRIBUTI PF26051612 Celsius Coffee Shah
2026-05-28,16.40,TRANSFER FR A/C ARIFF IZHAM BIN ABD 200765824116 Celsius Coffee Tamar
2026-05-28,11.85,TRANSFER FR A/C ARIFF IZHAM BIN ABD 000VTS-P080006 Celsius Coffee Putr
2026-05-28,17.90,TRANSFER FR A/C ARIFF IZHAM BIN ABD R000443557 Celsius Coffee Shah
2026-05-28,7.10,TRANSFER FR A/C ARIFF IZHAM BIN ABD 29001574241306 Celsius Coffee Putr
2026-05-28,1180.00,TRANSFER FR A/C XORA ENTERPRISE SDN SO-31521 CELSIUS COFFEE SHAH
2026-05-28,30.00,TRANSFER FR A/C ARIFF IZHAM BIN ABD 35008643016511 Celsius Coffee Nila
2026-05-28,38.10,TRANSFER FR A/C ARIFF IZHAM BIN ABD 260517M7RCCE7U Celsius Coffee Putr
2026-05-28,130.66,TRANSFER FR A/C ARIFF IZHAM BIN ABD 260515EQMJST56 Celsius Coffee Shah
2026-05-28,13.50,TRANSFER FR A/C ARIFF IZHAM BIN ABD 9024285 Celsius Coffee Shah
2026-05-28,25.00,TRANSFER FR A/C ARIFF IZHAM BIN ABD 35008578433205 Celsius Coffee Putr
2026-05-28,43.50,TRANSFER FR A/C ARIFF IZHAM BIN ABD 260522361UN955 Celsius Coffee Putr
2026-05-28,11.80,TRANSFER FR A/C ARIFF IZHAM BIN ABD 742650CLAIM Celsius Coffee Putra
2026-05-28,124.77,TRANSFER FR A/C ARIFF IZHAM BIN ABD 260517MN9KWRT8 Celsius Coffee Putr
2026-05-28,20.00,"TRANSFER FR A/C ARIFF IZHAM BIN ABD 12253, 12259 Celsius Coffee Putra"
2026-05-28,10.50,TRANSFER FR A/C ARIFF IZHAM BIN ABD 9078354 Celsius Coffee Shah
2026-05-28,31.70,TRANSFER FR A/C ARIFF IZHAM BIN ABD 2605211SFTCE4S Celsius Coffee Shah
2026-05-28,475.00,TRANSFER FR A/C PXL MARKETING SDN B 148962 CELSIUS COFFEE TAMAR
2026-05-28,1180.00,TRANSFER FR A/C XORA ENTERPRISE SDN SO-31520 CELSIUS COFFEE PUTRA
2026-05-28,29.80,TRANSFER FR A/C ARIFF IZHAM BIN ABD 35008612604452 Celsius Coffee Tama
2026-05-28,20.80,TRANSFER FR A/C ARIFF IZHAM BIN ABD 0737 Celsius Coffee Tamar
2026-05-28,690.00,TRANSFER FR A/C PXL MARKETING SDN B 148961 CELSIUS COFFEE PUTRA
2026-05-29,2533.50,TRANSFER FR A/C COLLECTIVE PROJECT IV-02001 Celsius Coffee Putra
2026-05-29,390.00,TRANSFER FR A/C JS BREADSERIE ENTER SO-00594 Celsius Coffee Putra
2026-05-29,296.00,TRANSFER FR A/C BLANCOZ SDN BHD 26-0497 CELSIUS COFFEE PUTRA
2026-05-29,490.00,TRANSFER FR A/C 365EAT FOOD SDN BHD CELSIUS COFFEE TAMAR CELSIUS COFFE
2026-05-29,255.00,TRANSFER FR A/C JIJUS CAKES TO SHAR IV5042 CELSIUS COFFEE SHAH
2026-05-29,320.00,TRANSFER FR A/C JS BREADSERIE ENTER SO-00593 Celsius Coffee Shah
2026-05-29,248.00,TRANSFER FR A/C BLANCOZ SDN BHD 26-0503 CELSIUS COFFEE SHAH
2026-05-29,427.25,TRANSFER FR A/C MILK & MOKA MARKETI IVCT-00011298 Celsius Coffee Shah
2026-05-29,768.00,TRANSFER FR A/C KUALA LUMPUR FRIED 00650682 CELSIUS COFFEE TAMAR
2026-05-29,390.00,TRANSFER FR A/C JS BREADSERIE ENTER SO-00595 Celsius Coffee Tamar
2026-05-29,248.00,TRANSFER FR A/C BLANCOZ SDN BHD 26-0498 CELSIUS COFFEE TAMAR
2026-05-29,594.00,TRANSFER FR A/C JG PACIFIC FOODS SD 26050777 BALANCE CELSIUS COFFEE TA
2026-06-01,1757.85,Celsius Coffee POKET CAPITAL SDN. * Shared service
2026-06-01,1696.50,Celsius Coffee Shah COLLECTIVE PROJECT * IV-02003
2026-06-03,350.00,CELSIUS COFFEE PUTRAJIJUS CAKES TO SHAR* 004067
2026-06-03,1700.70,Celsius Coffee TamarCOLLECTIVE PROJECT * IV 02002
2026-06-03,679.68,CELSIUS COFFEE PUTRATMM RESOURCES * 1-14804
2026-06-03,594.72,CELSIUS COFFEE PUTRATMM RESOURCES * 1-14810
2026-06-03,1425.90,CELSIUS COFFEE PUTRAJG PACIFIC FOODS SD* 26051005
2026-06-03,789.00,Celsius Coffee PutraRICH PRODUCTS (MALA* RTPM-SO112984
2026-06-03,532.50,CELSIUS COFFEE PUTRAARYZTA FOOD SOLUTIO* INV0852563
2026-06-04,424.80,CELSIUS COFFEE TAMARJIJUS CAKES TO SHAR* 1-14811
2026-06-04,363.00,Celsius Coffee Shah CARRIE COFFEE ROAST* INV-2026-0003
2026-06-04,426.00,CELSIUS COFFEE TAMARARYZTA FOOD SOLUTIO* INV0852564
2026-06-04,424.80,Celsius Coffee TamarTMM RESOURCES * 1 14811
2026-06-04,631.20,Celsius Coffee Shah RICH PRODUCTS (MALA* RTPM-SO112966
2026-06-04,427.25,Celsius Coffee Shah MILK & MOKA MARKETI* IVCT-00011350
2026-06-04,350.00,CELSIUS COFFEE SHAH JIJUS CAKES TO SHAR* INV-005
2026-06-04,148.00,CELSIUS COFFEE SHAH BLANCOZ SDN BHD * 26-0525
2026-06-04,272.00,CELSIUS COFFEE TAMARBLANCOZ SDN BHD * 26-0526
2026-06-04,230.00,Celsius Coffee Shah JS BREADSERIE ENTER* SO-00604
2026-06-04,679.68,CELSIUS COFFEE TAMARTMM RESOURCES * 1-14805
2026-06-04,1291.50,Celsius Coffee NilaiCOLLECTIVE PROJECT * IV-02010
2026-06-04,350.00,CELSIUS COFFEE TAMARJIJUS CAKES TO SHAR* INV5066
2026-06-04,2533.50,Celsius Coffee PutraCOLLECTIVE PROJECT * IV-02007
2026-06-04,426.00,CELSIUS COFFEE SHAH ARYZTA FOOD SOLUTIO* INV0852565
2026-06-04,2533.50,Celsius Coffee Shah COLLECTIVE PROJECT * IV-02008
2026-06-04,739.20,CELSIUS COFFEE SHAH JG PACIFIC FOODS SD* 26051006
2026-06-04,1076.00,Celsius Coffee PutraCARRIE COFFEE ROAST* INV-2026-0001
2026-06-04,272.00,CELSIUS COFFEE PUTRABLANCOZ SDN BHD * 26-0524
2026-06-04,160.00,Celsius Coffee TamarJS BREADSERIE ENTER* SO 00605
2026-06-04,509.76,CELSIUS COFFEE NILAITMM RESOURCES * 1-14806
2026-06-06,215.00,Celsius Coffee PutraJS BREADSERIE ENTER* SO-00603
2026-06-06,678.45,Celsius Coffee PutraBGS TRADING SDN. BH* KIV260506588
2026-06-06,679.68,CELSIUS COFFEE PUTRATMM RESOURCES * 1-14818
2026-06-06,475.35,Celsius Coffee PutraBGS TRADING SDN. BH* KIV260508844
2026-06-08,836.90,Celsius Coffee Shah BGS TRADING SDN. BH* KIV260506592
2026-06-08,633.12,CELSIUS COFFEE PUTRAYOW SENG SDN BHD * YSIV2605-0803
2026-06-08,455.90,CELSIUS COFFEE PUTRAYOW SENG SDN BHD * YSIV2605-0609
2026-06-08,112.50,CELSIUS COFFEE PUTRAYOW SENG SDN BHD * YSIV2604-0132
2026-06-08,264.00,CELSIUS COFFEE PUTRAYOW SENG SDN BHD * YSIV2605-1765
2026-06-08,112.50,CELSIUS COFFEE PUTRAYOW SENG SDN BHD * YSIV2605-1409
2026-06-08,354.30,CELSIUS COFFEE PUTRAYOW SENG SDN BHD * YSIV2605-0993
2026-06-08,316.90,Celsius Coffee PutraBGS TRADING SDN. BH* KIV260416480
2026-06-08,610.90,Celsius Coffee PutraBGS TRADING SDN. BH* KIV260413335
2026-06-08,316.90,Celsius Coffee PutraBGS TRADING SDN. BH* KIV260416480
2026-06-08,230.00,Celsius Coffee PutraJS BREADSERIE ENTER* SO-00073
2026-06-08,260.00,Celsius Coffee PutraMULTI-WAYS PACKAGIN* Pro.Inv-002193
2026-06-08,610.90,Celsius Coffee PutraBGS TRADING SDN. BH* KIV260407767
2026-06-08,709.90,CELSIUS COFFEE PUTRAYOW SENG SDN BHD * YSIV2605-2255
2026-06-08,680.00,CELSIUS COFFEE PUTRAPXL MARKETING SDN B* 149165
2026-06-08,932.40,CELSIUS COFFEE PUTRAJG PACIFIC FOODS SD* 20060026
2026-06-08,663.80,CELSIUS COFFEE PUTRAYOW SENG SDN BHD * YSIV2605-1932
2026-06-08,316.90,Celsius Coffee Shah BGS TRADING SDN. BH* KIV260416485
2026-06-08,112.50,CELSIUS COFFEE SHAH YOW SENG SDN BHD * YSIV2605-1256
2026-06-08,500.90,CELSIUS COFFEE SHAH YOW SENG SDN BHD * YSIV2605-2161
2026-06-08,316.90,Celsius Coffee Shah BGS TRADING SDN. BH* KIV260403629
2026-06-08,1356.00,CELSIUS COFFEE SHAH DANKOFF SDN BHD * IN60153455
2026-06-08,112.50,CELSIUS COFFEE SHAH YOW SENG SDN BHD * YSIV2605-1685
2026-06-08,610.90,Celsius Coffee Shah BGS TRADING SDN. BH* KIV260407782
2026-06-08,691.20,Celsius Coffee Shah MILK & MOKA MARKETI* IVCT-00011481
2026-06-09,527.70,CELSIUS COFFEE SHAH YOW SENG SDN BHD * YSIV2605-0530
2026-06-09,525.08,CELSIUS COFFEE SHAH YOW SENG SDN BHD * YSIV2605-0930
2026-06-09,904.90,Celsius Coffee Shah BGS TRADING SDN. BH* KIV260413355
2026-06-09,617.25,CELSIUS COFFEE SHAH YOW SENG SDN BHD * YSIV2605-0359
2026-06-09,680.00,CELSIUS COFFEE SHAH PXL MARKETING SDN B* 149166
2026-06-09,383.50,CELSIUS COFFEE SHAH YOW SENG SDN BHD * YSIV2605-1981
2026-06-09,932.90,CELSIUS COFFEE SHAH YOW SENG SDN BHD * YSIV2605-1095
2026-06-09,679.68,CELSIUS COFFEE NILAITMM RESOURCES * 1-14842
2026-06-09,660.80,CELSIUS COFFEE SHAH YOW SENG SDN BHD * YSIV2605-1471
2026-06-09,768.00,Celsius Coffee Shah KUALA LUMPUR FRIED * 00649661
2026-06-09,648.00,Celsius Coffee Shah ARIFF IZHAM BIN ABD* 1111376867
2026-06-09,768.00,Celsius Coffee PutraKUALA LUMPUR FRIED * 00649650
2026-06-09,960.00,Celsius Coffee PutraKUALA LUMPUR FRIED * 0651347
2026-06-09,320.00,Celsius Coffee Shah JS BREADSERIE ENTER* SO-006816
2026-06-10,1703.70,Celsius Coffee TamarCOLLECTIVE PROJECT * IV-02009
2026-06-10,2533.50,Celsius Coffee PutraCOLLECTIVE PROJECT * IV-02019
2026-06-10,255.00,CELSIUS COFFEE PUTRAJIJUS CAKES TO SHAR* IV4528
2026-06-10,280.00,CELSIUS COFFEE PUTRAJIJUS CAKES TO SHAR* IV5100
2026-06-10,490.00,CELSIUS COFFEE PUTRA365EAT FOOD SDN BHD* 365IN2605-0114
2026-06-10,639.00,CELSIUS COFFEE PUTRAARYZTA FOOD SOLUTIO* INV0854467
2026-06-10,490.00,CELSIUS COFFEE SHAH 365EAT FOOD SDN BHD* 365IN2605-0115
2026-06-10,2533.50,Celsius Coffee Shah COLLECTIVE PROJECT * IV-02020
2026-06-10,991.80,CELSIUS COFFEE PUTRADANKOFF SDN BHD * IN600153608
2026-06-11,280.00,CELSIUS COFFEE SHAH JIJUS CAKES TO SHAR* IV5098
2026-06-11,189.30,Celsius Coffee TamarCOLLECTIVE PROJECT * IV-02052
2026-06-11,2122.20,Celsius Coffee TamarCOLLECTIVE PROJECT * IV-02021
2026-06-11,1438.80,CELSIUS COFFEE TAMARJG PACIFIC FOODS SD* 20060025
2026-06-11,331.60,Celsius Coffee TamarGLOBAL COFFEE RESOU* INV-10064804
2026-06-11,66.40,Celsius Coffee TamarGLOBAL COFFEE RESOU* INV-10065078
2026-06-11,345.60,Celsius Coffee Shah MILK & MOKA MARKETI* IVCT-00011559
2026-06-11,325.60,Celsius Coffee Shah GLOBAL COFFEE RESOU* INV-10064214
2026-06-11,235.00,Celsius Coffee Shah COLLECTIVE PROJECT * IV-02051
2026-06-11,519.24,2606111746170899 3774479252 * SHOPEE MOBILE
2026-06-11,281.50,Celsius Coffee PutraCOLLECTIVE PROJECT * IV-02050
2026-06-11,453.20,Celsius Coffee PutraGLOBAL COFFEE RESOU* INV-10064991
2026-06-11,1262.50,CELSIUS COFFEE PUTRAYOW SENG SDN BHD * YSIV2605-1553
2026-06-11,33.20,Celsius Coffee PutraGLOBAL COFFEE RESOU* INV-10065046
2026-06-12,41.40,Celsius Coffee PutraARIFF IZHAM BIN ABD* J0012014610002
2026-06-12,26.80,Celsius Coffee TamarARIFF IZHAM BIN ABD* Z195-TA-365848
2026-06-12,12.50,Celsius Coffee TamarARIFF IZHAM BIN ABD* Z195
2026-06-12,112.50,CELSIUS COFFEE TAMARYOW SENG SDN BHD * YSIV2605-1410
2026-06-12,17.05,Celsius Coffee TamarARIFF IZHAM BIN ABD* C008A06ADF330B
2026-06-12,36.50,Celsius Coffee TamarARIFF IZHAM BIN ABD* CS-0220010
2026-06-12,579.50,CELSIUS COFFEE TAMARDANKOFF SDN BHD * IN600153609
2026-06-12,339.84,CELSIUS COFFEE TAMARTMM RESOURCES * 1-14819
2026-06-12,23.30,Celsius Coffee TamarARIFF IZHAM BIN ABD* Z195-T3-424587
2026-06-12,280.00,CELSIUS COFFEE TAMARJIJUS CAKES TO SHAR* IV5099
2026-06-12,112.50,CELSIUS COFFEE TAMARYOW SENG SDN BHD * INV-0616
2026-06-12,275.00,CELSIUS COFFEE SHAH 365EAT FOOD SDN BHD* 365IN2606-0039
2026-06-12,43.10,Celsius Coffee Shah ARIFF IZHAM BIN ABD* 10150720260604
2026-06-12,37.40,Celsius Coffee Shah ARIFF IZHAM BIN ABD* 10150520260526
2026-06-12,33.00,Celsius Coffee TamarARIFF IZHAM BIN ABD* 9555222602583
2026-06-12,6.40,Celsius Coffee PutraARIFF IZHAM BIN ABD* JGC1261491Q6Q1
2026-06-12,28.45,Celsius Coffee PutraARIFF IZHAM BIN ABD* 021641886217
2026-06-12,18.60,Celsius Coffee PutraARIFF IZHAM BIN ABD* 1012
2026-06-12,23.30,Celsius Coffee PutraARIFF IZHAM BIN ABD* CS-0221123
2026-06-12,95.10,Celsius Coffee PutraARIFF IZHAM BIN ABD* GB220520261603
2026-06-12,4.90,Celsius Coffee PutraARIFF IZHAM BIN ABD* 5211
2026-06-12,248.00,CELSIUS COFFEE PUTRABLANCOZ SDN BHD * 26-0552
2026-06-12,7.80,Celsius Coffee PutraARIFF IZHAM BIN ABD* JGC12614914601
2026-06-12,679.68,CELSIUS COFFEE PUTRATMM RESOURCES * 1-14891
2026-06-12,4.40,Celsius Coffee PutraARIFF IZHAM BIN ABD* JGC12614712004
2026-06-12,7.80,Celsius Coffee PutraARIFF IZHAM BIN ABD* JGC12614712601
2026-06-12,50.10,Celsius Coffee PutraARIFF IZHAM BIN ABD* JG120151526026
2026-06-12,490.00,CELSIUS COFFEE PUTRA365EAT FOOD SDN BHD* 365IN2606-0033
2026-06-12,30.00,Celsius Coffee PutraARIFF IZHAM BIN ABD* 12259
2026-06-12,8.50,Celsius Coffee PutraARIFF IZHAM BIN ABD* 8973725
2026-06-12,10.00,Celsius Coffee PutraARIFF IZHAM BIN ABD* 07039
2026-06-12,8.10,Celsius Coffee PutraARIFF IZHAM BIN ABD* JnG12615013602
2026-06-12,27.80,Celsius Coffee PutraARIFF IZHAM BIN ABD* 20260531TNGDMY
2026-06-12,40.00,Celsius Coffee PutraARIFF IZHAM BIN ABD* QR75080534
2026-06-12,39.00,Celsius Coffee PutraARIFF IZHAM BIN ABD* CS-0220859
2026-06-12,15.55,Celsius Coffee Shah ARIFF IZHAM BIN ABD* F78112EBDC2FB7
2026-06-12,20.30,Celsius Coffee Shah ARIFF IZHAM BIN ABD* 35080180514739
2026-06-12,248.00,CELSIUS COFFEE SHAH BLANCOZ SDN BHD * 26-0559
2026-06-12,13.40,Celsius Coffee Shah ARIFF IZHAM BIN ABD* 350466
2026-06-12,7.00,Celsius Coffee Shah ARIFF IZHAM BIN ABD* CSS13-00019988
2026-06-12,29.00,Celsius Coffee Shah ARIFF IZHAM BIN ABD* 35060601881238
2026-06-12,432.00,Celsius Coffee Shah MILK & MOKA MARKETI* IVCT-00011606
2026-06-12,30.00,Celsius Coffee NilaiARIFF IZHAM BIN ABD* 176579149
2026-06-12,50.40,Celsius Coffee Shah ARIFF IZHAM BIN ABD* 314821339/102/
2026-06-12,67.00,Celsius Coffee PutraARIFF IZHAM BIN ABD* A-9CGL3WGWWPMD
2026-06-12,20.00,Celsius Coffee PutraARIFF IZHAM BIN ABD* 07028
2026-06-13,594.72,CELSIUS COFFEE TAMARTMM RESOURCES * 1-14890
2026-06-13,316.90,Celsius Coffee TamarBGS TRADING SDN. BH* KIV260403622
2026-06-13,275.00,CELSIUS COFFEE TAMARJIJUS CAKES TO SHAR* IV4529
2026-06-14,490.00,CELSIUS COFFEE TAMAR365EAT FOOD SDN BHD* 365IN2606-0034
2026-06-14,465.00,CELSIUS COFFEE TAMARPXL MARKETING SDN B* 149160
2026-06-14,610.90,Celsius Coffee TamarBGS TRADING SDN. BH* KIV260413350
2026-06-15,133.00,CELSIUS COFFEE TAMARYOW SENG SDN BHD * YSIV2605-0465
2026-06-15,304.55,CELSIUS COFFEE TAMARYOW SENG SDN BHD * YSIV2605-1549
2026-06-15,222.50,CELSIUS COFFEE TAMARYOW SENG SDN BHD * YSIV2605-0994
2026-06-15,247.00,CELSIUS COFFEE TAMARYOW SENG SDN BHD * YSIV2605-0806
2026-06-15,359.15,CELSIUS COFFEE TAMARYOW SENG SDN BHD * YSIV2605-0246
2026-06-15,610.90,Celsius Coffee TamarBGS TRADING SDN. BH* KIV260407777
2026-06-16,181.00,Celsius Coffee Shah ARIFF IZHAM BIN ABD* F26060751
2026-06-16,64.80,Celsius Coffee TamarARIFF IZHAM BIN ABD* 610384
2026-06-16,13.00,Celsius Coffee TamarARIFF IZHAM BIN ABD* 14916026060819
2026-06-16,20.30,Celsius Coffee TamarARIFF IZHAM BIN ABD* 000VTS-P050006
2026-06-16,45.80,Celsius Coffee TamarARIFF IZHAM BIN ABD* CS-02220601
2026-06-16,181.00,Celsius Coffee TamarARIFF IZHAM BIN ABD* F26060752
2026-06-16,40.00,Celsius Coffee TamarARIFF IZHAM BIN ABD* 35132354338721
2026-06-16,17.30,Celsius Coffee TamarARIFF IZHAM BIN ABD* 000VTS-P060061
2026-06-16,12.90,Celsius Coffee TamarARIFF IZHAM BIN ABD* 000VTS-P080006
2026-06-16,594.72,CELSIUS COFFEE PUTRATMM RESOURCES * 1-14965
2026-06-16,13.60,Celsius Coffee PutraARIFF IZHAM BIN ABD* 35124199349345
2026-06-16,924.00,Celsius Coffee PutraNYC TREATS RESOURCE* 1204
2026-06-16,320.00,Celsius Coffee PutraARIFF IZHAM BIN ABD* SO-00625
2026-06-16,181.00,Celsius Coffee PutraARIFF IZHAM BIN ABD* F26060753
2026-06-16,248.00,CELSIUS COFFEE PUTRABLANCOZ SDN BHD * 26-0578
2026-06-16,2533.50,Celsius Coffee PutraCOLLECTIVE PROJECT * JV-02033
2026-06-16,49.40,Celsius Coffee PutraARIFF IZHAM BIN ABD* JRE12615517601
2026-06-16,107.00,Celsius Coffee PutraARIFF IZHAM BIN ABD* C5-02222072
2026-06-16,20.70,Celsius Coffee PutraARIFF IZHAM BIN ABD* 200301017231
2026-06-16,820.90,CELSIUS COFFEE PUTRAJG PACIFIC FOODS SD* 26060322
2026-06-16,181.00,Celsius Coffee PutraARIFF IZHAM BIN ABD* F26060753
2026-06-16,13.90,Celsius Coffee PutraARIFF IZHAM BIN ABD* T2-202597-2026
2026-06-16,50.70,Celsius Coffee PutraARIFF IZHAM BIN ABD* C5-0222025
2026-06-16,682.08,CELSIUS COFFEE PUTRAPASTRY WORLD SDN. B* SO2606/2118
2026-06-16,23.30,Celsius Coffee PutraARIFF IZHAM BIN ABD* CS-0221123A
2026-06-16,37.35,Celsius Coffee PutraARIFF IZHAM BIN ABD* 620412503Q
2026-06-16,8.90,Celsius Coffee PutraARIFF IZHAM BIN ABD* PIO23026070092
2026-06-16,3.00,Celsius Coffee PutraARIFF IZHAM BIN ABD* 000216
2026-06-16,50.70,Celsius Coffee PutraARIFF IZHAM BIN ABD* C5-0222025
2026-06-16,75.00,Celsius Coffee PutraARIFF IZHAM BIN ABD* B3CS-00049433
2026-06-16,118.00,Celsius Coffee PutraJS BREADSERIE ENTER* JRC12015915002
2026-06-16,455.00,CELSIUS COFFEE PUTRAJIJUS CAKES TO SHAR* IV5152
2026-06-16,13.80,Celsius Coffee PutraARIFF IZHAM BIN ABD* 95660310900069
2026-06-16,7.00,Celsius Coffee PutraARIFF IZHAM BIN ABD* 5211a
2026-06-16,8.90,Celsius Coffee PutraARIFF IZHAM BIN ABD* 9557240147503C
2026-06-16,67.05,Celsius Coffee Shah ARIFF IZHAM BIN ABD* H0290320260605
2026-06-16,124.20,Celsius Coffee NilaiARIFF IZHAM BIN ABD* CS-0222063
2026-06-16,148.00,CELSIUS COFFEE SHAH BLANCOZ SDN BHD * 26-0579
2026-06-16,21.60,Celsius Coffee Shah ARIFF IZHAM BIN ABD* 35117096769475
2026-06-16,768.00,CELSIUS COFFEE SHAH KUALA LUMPUR FRIED * 00652052
2026-06-16,47.20,Celsius Coffee Shah ARIFF IZHAM BIN ABD* 7DBDEBB31F4865
2026-06-16,490.00,CELSIUS COFFEE SHAH 365EAT FOOD SDN BHD* 365IN2606-0003
2026-06-16,4.80,Celsius Coffee Shah ARIFF IZHAM BIN ABD* CS10431366
2026-06-16,25.10,Celsius Coffee NilaiARIFF IZHAM BIN ABD* 35117034825142
2026-06-16,24.00,Celsius Coffee NilaiARIFF IZHAM BIN ABD* 35153984644293
2026-06-16,19.40,Celsius Coffee TamarARIFF IZHAM BIN ABD* 35146240644530
2026-06-16,100.50,Celsius Coffee TamarARIFF IZHAM BIN ABD* CS-0221838
2026-06-16,639.00,CELSIUS COFFEE SHAH ARYZTA FOOD SOLUTIO* INV0856306
2026-06-16,170.95,Celsius Coffee Shah ARIFF IZHAM BIN ABD* SAS97026060901
2026-06-16,46.60,Celsius Coffee Shah ARIFF IZHAM BIN ABD* 00187202C90600
2026-06-16,103.95,Celsius Coffee Shah ARIFF IZHAM BIN ABD* SAS90620260605
2026-06-16,15.30,Celsius Coffee Shah ARIFF IZHAM BIN ABD* 314821345/102/
2026-06-16,280.00,CELSIUS COFFEE SHAH JIJUS CAKES TO SHAR* IV5150
2026-06-16,85.80,Celsius Coffee Shah ARIFF IZHAM BIN ABD* H0290322606080
2026-06-16,149.60,Celsius Coffee Shah ARIFF IZHAM BIN ABD* CSS13-00020277
2026-06-16,341.04,CELSIUS COFFEE SHAH PASTRY WORLD SDN. B* SO2606/2117
2026-06-16,4.17,Celsius Coffee Shah ARIFF IZHAM BIN ABD* 1907-97394
2026-06-16,173.00,Celsius Coffee NilaiARIFF IZHAM BIN ABD* HQ-0164848
2026-06-17,1696.50,Celsius Coffee Shah COLLECTIVE PROJECT * IV-02035
2026-06-17,455.00,CELSIUS COFFEE TAMARJIJUS CAKES TO SHAR* IV5151
2026-06-17,34.60,Celsius Coffee PutraARIFF IZHAM BIN ABD* 35146418552309
2026-06-17,861.80,CELSIUS COFFEE TAMARJG PACIFIC FOODS SD* 26060324
2026-06-17,571.34,CELSIUS COFFEE TAMARYOW SENG SDN BHD * YSIV2605-2236
2026-06-17,320.00,Celsius Coffee TamarJS BREADSERIE ENTER* SO-00626
2026-06-17,27.90,Celsius Coffee TamarARIFF IZHAM BIN ABD* 135403
2026-06-17,320.00,Celsius Coffee Shah JS BREADSERIE ENTER* SO-00624
2026-06-17,504.00,Celsius Coffee Shah MILK & MOKA MARKETI* IVCT-00010301
2026-06-17,873.00,Celsius Coffee NilaiCOLLECTIVE PROJECT * IV-02037
2026-06-17,432.00,Celsius Coffee Shah MILK & MOKA MARKETI* IVCT-00011704
2026-06-17,583.80,Celsius Coffee PutraPTS FOOD DISTRIBUTI* PF26060192
2026-06-17,960.00,CELSIUS COFFEE PUTRAKUALA LUMPUR FRIED * 00652530
2026-06-17,350.00,Celsius Coffee TamarARIFF IZHAM BIN ABD* ep_inv_2068
2026-06-17,248.00,CELSIUS COFFEE TAMARBLANCOZ SDN BHD * 26-0580
2026-06-17,309.38,CELSIUS COFFEE TAMARYOW SENG SDN BHD * YSIY2605-1931
2026-06-18,518.70,Celsius Coffee ShahPTS FOOD DISTRIBUTI* PF26060193
2026-06-18,1703.70,Celsius Coffee TamarCOLLECTIVE PROJECT * IV-02036
2026-06-18,1000.00,CELSIUS COFFEE SHAH JG PACIFIC FOODS SD* 26060325
2026-06-19,432.00,Celsius Coffee Shah MILK & MOKA MARKETI* INV-0906
2026-06-19,490.00,CELSIUS COFFEE SHAH 365EAT FOOD SDN BHD* 365IN2606-0062
2026-06-19,894.00,Celsius Coffee Shah NYC TREATS RESOURCE* 1206
2026-06-19,490.00,CELSIUS COFFEE PUTRA365EAT FOOD SDN BHD* 365IN2606-0061
2026-06-19,375.00,CELSIUS COFFEE TAMAR365EAT FOOD SDN BHD* 365IN2606-0063
2026-06-19,594.72,CELSIUS COFFEE PUTRATMM RESOURCES * KIV260605796
2026-06-20,424.80,CELSIUS COFFEE TAMARTMM RESOURCES * 1-14997
2026-06-22,946.80,Celsius Coffee PutraRICH PRODUCTS (MALA* RTPM-SO115435
2026-06-22,455.00,CELSIUS COFFEE PUTRAJIJUS CAKES TO SHAR* IV5195
2026-06-22,675.00,CELSIUS COFFEE PUTRABEARD BROTHERS MEAT* INV2606/007
2026-06-22,455.00,CELSIUS COFFEE TAMARJIJUS CAKES TO SHAR* IV5194
2026-06-22,675.80,CELSIUS COFFEE TAMARBEARD BROTHERS MEAT* INV2606/008
2026-06-22,860.00,Celsius Coffee PutraERUL FOOD INDUSTRIE* INV-2509314
2026-06-22,667.70,CELSIUS COFFEE SHAH BEARD BROTHERS MEAT* INV2606/009
2026-06-22,285.00,Celsius Coffee Shah NYC TREATS RESOURCE* 1210
2026-06-22,235.00,CELSIUS COFFEE SHAH PXL MARKETING SDN B* 149824
2026-06-22,440.00,Celsius Coffee Shah ERUL FOOD INDUSTRIE* INV-2509315
2026-06-22,280.00,CELSIUS COFFEE SHAH JIJUS CAKES TO SHAR* IV5193
2026-06-22,890.00,CELSIUS COFFEE SHAH EIGHTY EIGHT FAHREN* I-10774
2026-06-22,631.20,Celsius Coffee Shah RICH PRODUCTS (MALA* RTPM-SO115437
2026-06-22,281.50,Celsius Coffee PutraCOLLECTIVE PROJECT * IV-02070
2026-06-22,1068.00,CELSIUS COFFEE PUTRAEIGHTY EIGHT FAHREN* I-10773
2026-06-22,924.00,Celsius Coffee PutraNYC TREATS RESOURCE* 1209
2026-06-23,237.74,Celsius Coffee PutraARIFF IZHAM BIN ABD* SPWMS202606028
2026-06-23,75.60,Celsius Coffee PutraARIFF IZHAM BIN ABD* 260606C4NRH9PA
2026-06-23,14.85,Celsius Coffee PutraARIFF IZHAM BIN ABD* 260606C42BQUM7
2026-06-23,25.51,Celsius Coffee PutraARIFF IZHAM BIN ABD* 260530RGHRYHUD
2026-06-23,44.10,Celsius Coffee PutraARIFF IZHAM BIN ABD* 260608HT2MANHN
2026-06-23,29.70,Celsius Coffee PutraARIFF IZHAM BIN ABD* 260607F18H50WK
2026-06-23,311.00,Celsius Coffee PutraARIFF IZHAM BIN ABD* QT-07812
2026-06-23,128.85,Celsius Coffee PutraARIFF IZHAM BIN ABD* 260525B45HJFKJ
2026-06-23,14.85,Celsius Coffee Shah ARIFF IZHAM BIN ABD* 260606C40FKYUY
2026-06-23,173.34,Celsius Coffee Shah ARIFF IZHAM BIN ABD* 260607F03XYDQM
2026-06-23,235.00,Celsius Coffee Shah COLLECTIVE PROJECT * IV-02069
2026-06-23,40.00,Celsius Coffee Shah ARIFF IZHAM BIN ABD* 260606C4XQK8G4
2026-06-23,14.80,Celsius Coffee Shah ARIFF IZHAM BIN ABD* 314821348/102/
2026-06-23,173.00,Celsius Coffee NilaiARIFF IZHAM BIN ABD* HQ-0184848
2026-06-23,28.20,Celsius Coffee Shah ARIFF IZHAM BIN ABD* INV-2001
2026-06-23,75.60,Celsius Coffee Shah ARIFF IZHAM BIN ABD* 260606C4QSD7HF
2026-06-23,71.25,Celsius Coffee Shah ARIFF IZHAM BIN ABD* H0290420260610
2026-06-23,40.74,Celsius Coffee Shah ARIFF IZHAM BIN ABD* 260606CR8AK07D
2026-06-23,39.62,Celsius Coffee Shah ARIFF IZHAM BIN ABD* 260606C5H9QFEW
2026-06-23,135.17,Celsius Coffee Shah ARIFF IZHAM BIN ABD* 260607F2GE3AER
2026-06-23,34.30,Celsius Coffee Shah ARIFF IZHAM BIN ABD* W2SS1202606100
2026-06-23,47.40,Celsius Coffee Shah ARIFF IZHAM BIN ABD* 260606C49CU53D
2026-06-23,181.00,CELSIUS COFFEE SHAH CATELUX ENTERPRISE * F26062348
2026-06-23,475.35,Celsius Coffee Shah BGS TRADING SDN. BH* KIV260605796
2026-06-23,92.20,Celsius Coffee Shah ARIFF IZHAM BIN ABD* 260601VJVJSVQ5
2026-06-23,2.35,Celsius Coffee Shah ARIFF IZHAM BIN ABD* H0290720260610
2026-06-23,36.40,Celsius Coffee PutraARIFF IZHAM BIN ABD* 260606C5FHHE0N
2026-06-23,18.30,Celsius Coffee PutraARIFF IZHAM BIN ABD* JGCI2616413002
2026-06-23,32.00,Celsius Coffee PutraARIFF IZHAM BIN ABD* PIOI2202606200
2026-06-23,769.35,Celsius Coffee PutraBGS TRADING SDN. BH* MY20200693
2026-06-23,120.76,Celsius Coffee PutraARIFF IZHAM BIN ABD* 260525B43KHXWE
2026-06-23,30.16,Celsius Coffee PutraARIFF IZHAM BIN ABD* 260608HTW7YRRP
2026-06-23,738.00,Celsius Coffee TamarCARRIE COFFEE ROAST* INV-2026-0002
2026-06-23,863.00,Celsius Coffee TamarNYC TREATS RESOURCE* 1205
2026-06-23,679.68,CELSIUS COFFEE TAMARTMM RESOURCES * 1-15054
2026-06-23,38.00,Celsius Coffee PutraARIFF IZHAM BIN ABD* 260606C4W8WNW0
2026-06-23,173.34,Celsius Coffee PutraARIFF IZHAM BIN ABD* 260607F026PD2U
2026-06-23,8.00,Celsius Coffee PutraARIFF IZHAM BIN ABD* 087684733Q
2026-06-23,47.40,Celsius Coffee PutraARIFF IZHAM BIN ABD* 260606C48F7FWE
2026-06-23,42.30,Celsius Coffee PutraARIFF IZHAM BIN ABD* JGCI2616413002
2026-06-23,43.48,Celsius Coffee PutraARIFF IZHAM BIN ABD* 260529MR5D8SY2
2026-06-23,509.76,CELSIUS COFFEE PUTRATMM RESOURCES * 1-15053
2026-06-23,68.18,Celsius Coffee PutraARIFF IZHAM BIN ABD* 260607F0V89AG4
2026-06-23,132.00,CELSIUS COFFEE PUTRACOOKER LAND HOTEL &* QT-07841
2026-06-24,15.20,Celsius Coffee TamarARIFF IZHAM BIN ABD* 35168530010233
2026-06-24,14.85,Celsius Coffee TamarARIFF IZHAM BIN ABD* 260606C3X855SA
2026-06-24,338.00,CELSIUS COFFEE TAMARUNIQUE PAPER SDN. B* INU-26-22276
2026-06-24,478.00,CELSIUS COFFEE SHAH UNIQUE PAPER SDN. B* INU-26-22273
2026-06-24,235.00,Celsius Coffee Shah COLLECTIVE PROJECT * IV-02073
2026-06-24,642.00,CELSIUS COFFEE SHAH UNIQUE PAPER SDN. B* INU-26-21292
2026-06-24,82.50,CELSIUS COFFEE PUTRAUNIQUE PAPER SDN. B* INU-26-21439
2026-06-24,423.00,CELSIUS COFFEE TAMARUNIQUE PAPER SDN. B* INU-26-21298
2026-06-24,73.80,Celsius Coffee TamarARIFF IZHAM BIN ABD* 260606C4HCBSUR
2026-06-24,15.90,Celsius Coffee TamarARIFF IZHAM BIN ABD* 000VTS-P080006
2026-06-24,228.00,CELSIUS COFFEE PUTRAUNIQUE PAPER SDN. B* INU-26-21279
2026-06-24,281.50,Celsius Coffee PutraCOLLECTIVE PROJECT * IV-02072
2026-06-24,173.34,Celsius Coffee TamarARIFF IZHAM BIN ABD* 260607EYYUE0QP
2026-06-24,29.12,Celsius Coffee TamarARIFF IZHAM BIN ABD* 260606C5D0FQFG
2026-06-24,229.38,Celsius Coffee TamarARIFF IZHAM BIN ABD* 260607F2E7GWA8
2026-06-24,49.00,ARIFF IZHAM BIN ABD* CS-0222302
2026-06-24,217.00,"Celsius Coffee TamarARIFF IZHAM BIN ABD* CS-0222496,822"
2026-06-24,985.50,CELSIUS COFFEE PUTRAUNIQUE PAPER SDN. B* INU-26-22278
2026-06-24,385.00,CELSIUS COFFEE SHAH UNIQUE PAPER SDN. B* INU-26-21417
2026-06-24,345.60,Celsius Coffee Shah MILK & MOKA MARKETI* IVCT-00011858
2026-06-24,863.00,CELSIUS COFFEE SHAH UNIQUE PAPER SDN. B* INU-26-21802
2026-06-24,47.40,Celsius Coffee TamarARIFF IZHAM BIN ABD* CS-0222372
2026-06-24,38.00,Celsius Coffee TamarARIFF IZHAM BIN ABD* 260606C4UKH70R
2026-06-24,44.90,Celsius Coffee TamarARIFF IZHAM BIN ABD* 260606C46WKYDB
2026-06-24,8.00,Celsius Coffee TamarARIFF IZHAM BIN ABD* CS-0222177
2026-06-24,189.30,Celsius Coffee TamarCOLLECTIVE PROJECT * IV-02074
2026-06-24,189.30,Celsius Coffee TamarCOLLECTIVE PROJECT * IV-02071
2026-06-24,17.90,Celsius Coffee TamarARIFF IZHAM BIN ABD* OOOVTS-P080006
2026-06-25,526.00,CELSIUS COFFEE SHAH BEST MARKETING & DI* IV-730990
2026-06-25,97.00,Celsius Coffee NilaiCOLLECTIVE PROJECT * IV-02075
2026-06-25,1269.00,"CELSIUS COFFEE SHAH COUNTRY BREAD BAKER* INV-006438, 00"
2026-06-25,307.20,CELSIUS COFFEE SHAH BEST MARKETING & DI* IV-721722
2026-06-25,706.40,CELSIUS COFFEE SHAH JG PACIFIC FOODS SD* 26060798
2026-06-25,275.05,CELSIUS COFFEE SHAH BEST MARKETING & DI* IV-725220
2026-06-25,252.40,CELSIUS COFFEE SHAH BEST MARKETING & DI* IV721612
2026-06-25,623.20,CELSIUS COFFEE PUTRABEST MARKETING & DI* IV731644
2026-06-25,169.70,CELSIUS COFFEE PUTRABEST MARKETING & DI* IV-722O19
2026-06-25,426.00,Celsius Coffee PutraARYZTA FOOD SOLUTIO* INV0858446
2026-06-25,93.00,"CELSIUS COFFEE PUTRABEST MARKETING & DI* IV-733666, 724"
2026-06-25,615.00,CELSIUS COFFEE PUTRAPXL MARKETING SDN B* 150076
2026-06-25,1180.50,"CELSIUS COFFEE TAMARCOUNTRY BREAD BAKER* INV-006510, 00"
2026-06-26,15.90,Celsius Coffee TamarARIFF IZHAM BIN ABD* ZI95-T2-296642
2026-06-26,8.00,Celsius Coffee TamarARIFF IZHAM BIN ABD* CS-0222661
2026-06-26,79.90,Celsius Coffee TamarARIFF IZHAM BIN ABD* CS-0222961
2026-06-26,30.60,Celsius Coffee TamarARIFF IZHAM BIN ABD* 000VTS-P080006
2026-06-26,39.50,Celsius Coffee TamarARIFF IZHAM BIN ABD* CS-0222969
2026-06-26,240.00,CELSIUS COFFEE PUTRABLANCOZ SDN BHD * 26-0616
2026-06-26,71.60,Celsius Coffee PutraARIFF IZHAM BIN ABD* GBC19062026CLA
2026-06-26,214.00,Celsius Coffee PutraULTRA GREEN SUPPLIE* 234486
2026-06-26,342.00,Celsius Coffee PutraJS BREADSERIE ENTER* SO-00636
2026-06-26,364.80,Celsius Coffee PutraULTRA GREEN SUPPLIE* 231053
2026-06-26,35.20,Celsius Coffee PutraARIFF IZHAM BIN ABD* R000122307CLAI
2026-06-26,18.00,Celsius Coffee PutraARIFF IZHAM BIN ABD* GRAB0001CLAIMO
2026-06-26,2817.00,"CELSIUS COFFEE PUTRACOUNTRY BREAD BAKER* INV-006421, 00"
2026-06-26,3.50,Celsius Coffee PutraARIFF IZHAM BIN ABD* 1300868252686C
2026-06-26,679.68,CELSIUS COFFEE PUTRATMM RESOURCES * 1-15085
2026-06-26,55.60,Celsius Coffee Shah ARIFF IZHAM BIN ABD* A-9DELP2TGWSDF
2026-06-26,77.30,Celsius Coffee Shah ARIFF IZHAM BIN ABD* GB19062026CLAI
2026-06-26,364.80,Celsius Coffee Shah ULTRA GREEN SUPPLIE* 230955
2026-06-26,87.00,Celsius Coffee Shah ARIFF IZHAM BIN ABD* A-9D92GQAW2JXP
2026-06-26,44.08,Celsius Coffee NilaiARIFF IZHAM BIN ABD* A-9DELTX9WW3QN
2026-06-26,148.00,CELSIUS COFFEE SHAH BLANCOZ SDN BHD * 26-0617
2026-06-26,708.70,CELSIUS COFFEE SHAH DANKOFF SDN BHD * IN600156449
2026-06-26,679.68,CELSIUS COFFEE TAMARTMM RESOURCES * 1-15086
2026-06-26,428.00,Celsius Coffee Shah ULTRA GREEN SUPPLIE* 229946
2026-06-26,93.30,Celsius Coffee Shah ARIFF IZHAM BIN ABD* INV-2001
2026-06-26,428.00,Celsius Coffee TamarULTRA GREEN SUPPLIE* 234485
2026-06-26,22.40,Celsius Coffee TamarARIFF IZHAM BIN ABD* 11C28720339C19
2026-06-26,27.40,Celsius Coffee TamarARIFF IZHAM BIN ABD* ZI95-T3-428584
2026-06-26,148.00,CELSIUS COFFEE TAMARBLANCOZ SDN BHD * 26-0618
2026-06-26,66.00,Celsius Coffee TamarARIFF IZHAM BIN ABD* R0000296903
2026-06-26,30.70,Celsius Coffee PutraARIFF IZHAM BIN ABD* JGC12b16619602
2026-06-26,25.65,Celsius Coffee PutraARIFF IZHAM BIN ABD* JGCI2616811002
2026-06-26,668.30,CELSIUS COFFEE PUTRABEARD BROTHERS MEAT* 1-15086
2026-06-26,196.40,Celsius Coffee PutraARIFF IZHAM BIN ABD* A-9EIC4S5WW6PU
2026-06-26,1063.05,CELSIUS COFFEE PUTRADANKOFF SDN BHD * IN600156456
2026-06-26,19.75,Celsius Coffee PutraARIFF IZHAM BIN ABD* JGCI2616816601
2026-06-29,639.00,CELSIUS COFFEE PUTRAARYZTA FOOD SOLUTIO* INV0859372
2026-06-29,924.00,Celsius Coffee PutraNYC TREATS RESOURCE* 1212
2026-06-29,71.60,Celsius Coffee PutraARIFF IZHAM BIN ABD* A-9FV5EHFWWMIO
2026-06-29,490.00,CELSIUS COFFEE PUTRA365EAT FOOD SDN BHD* 365IN2606-0105
2026-06-29,455.00,CELSIUS COFFEE PUTRAJIJUS CAKES TO SHAR* IV5235
2026-06-29,490.00,CELSIUS COFFEE PUTRA365EAT FOOD SDN BHD* 365IN2606-0096
2026-06-29,330.00,Celsius Coffee PutraJS BREADSERIE ENTER* SO-00646
2026-06-29,320.00,Celsius Coffee TamarJS BREADSERIE ENTER* SO-00648
2026-06-29,30.60,Celsius Coffee TamarARIFF IZHAM BIN ABD* 000VTS-P080006
2026-06-29,375.00,CELSIUS COFFEE TAMAR365EAT FOOD SDN BHD* 365IN2606-0107
2026-06-29,355.00,CELSIUS COFFEE TAMARJIJUS CAKES TO SHAR* IV5234
2026-06-29,920.00,Celsius Coffee TamarNYC TREATS RESOURCE* 1213
2026-06-29,77.30,Celsius Coffee NilaiARIFF IZHAM BIN ABD* A-9FV585TWWX5T
2026-06-29,270.00,CELSIUS COFFEE SHAH 365EAT FOOD SDN BHD* 365IN2606-0106
2026-06-29,490.00,CELSIUS COFFEE SHAH 365EAT FOOD SDN BHD* 365IN2606-0097
2026-06-29,894.00,Celsius Coffee Shah NYC TREATS RESOURCE* 1211
2026-06-29,426.00,CELSIUS COFFEE SHAH ARYZTA FOOD SOLUTIO* INV0859373
2026-06-29,88.40,Celsius Coffee NilaiARIFF IZHAM BIN ABD* A-9GPJ2FTGX7FV
2026-06-29,347.50,Celsius Coffee Shah JS BREADSERIE ENTER* SO-00647
2026-06-29,355.00,CELSIUS COFFEE SHAH JIJUS CAKES TO SHAR* IV5233
2026-06-29,144.20,Celsius Coffee Shah ARIFF IZHAM BIN ABD* A-9GGQ56EGWXEK
2026-07-01,252.80,Celsius Coffee PutraARIFF IZHAM BIN ABD* QT-07895
2026-07-01,39.00,Celsius Coffee TamarARIFF IZHAM BIN ABD* CS-0224307
2026-07-01,28.30,Celsius Coffee TamarARIFF IZHAM BIN ABD* ZI95-T4-370850
2026-07-01,7.20,Celsius Coffee TamarARIFF IZHAM BIN ABD* 1509465242796
2026-07-01,39.00,Celsius Coffee TamarARIFF IZHAM BIN ABD* CS-0224307
2026-07-01,14.50,Celsius Coffee TamarARIFF IZHAM BIN ABD* ZI95-T4-371126
2026-07-01,49.00,Celsius Coffee TamarARIFF IZHAM BIN ABD* CS-0222497
2026-07-01,2533.50,Celsius Coffee PutraCOLLECTIVE PROJECT * IV-02050
2026-07-01,5.00,Celsius Coffee PutraARIFF IZHAM BIN ABD* 26062514311043
2026-07-01,1703.70,Celsius Coffee TamarCOLLECTIVE PROJECT * IV-02052
2026-07-01,75.00,Celsius Coffee TamarARIFF IZHAM BIN ABD* CS-0222568
2026-07-01,8.00,Celsius Coffee TamarARIFF IZHAM BIN ABD* CS-0223269
2026-07-01,29.70,Celsius Coffee TamarARIFF IZHAM BIN ABD* 1118-01-116593
2026-07-01,35.20,Celsius Coffee TamarARIFF IZHAM BIN ABD* 35182578611364
2026-07-01,29.55,Celsius Coffee TamarARIFF IZHAM BIN ABD* 000VTS-P400037
2026-07-01,19.80,Celsius Coffee TamarARIFF IZHAM BIN ABD* 000VTS-P080006
2026-07-01,9.25,Celsius Coffee TamarARIFF IZHAM BIN ABD* 000VTS-P020001
2026-07-01,26.00,Celsius Coffee TamarARIFF IZHAM BIN ABD* CS-0224162
2026-07-01,4.05,Celsius Coffee TamarARIFF IZHAM BIN ABD* 000VTS-P080006
2026-07-01,28.00,Celsius Coffee TamarARIFF IZHAM BIN ABD* 35262322216587
2026-07-01,13.30,Celsius Coffee PutraARIFF IZHAM BIN ABD* R000123271
2026-07-01,3.20,Celsius Coffee PutraARIFF IZHAM BIN ABD* PIOI2202606270
2026-07-01,5.00,Celsius Coffee PutraARIFF IZHAM BIN ABD* 26062514311043
2026-07-01,16.60,Celsius Coffee PutraARIFF IZHAM BIN ABD* 35282546249414
2026-07-01,14.60,Celsius Coffee PutraARIFF IZHAM BIN ABD* 35175821372788
2026-07-01,35.00,Celsius Coffee PutraARIFF IZHAM BIN ABD* GB27062026
2026-07-01,6.70,Celsius Coffee PutraARIFF IZHAM BIN ABD* JGCI2617714004
2026-07-01,4.00,Celsius Coffee PutraARIFF IZHAM BIN ABD* R000122650
2026-07-01,28.30,Celsius Coffee PutraARIFF IZHAM BIN ABD* JGC12617017601
2026-07-01,196.00,Celsius Coffee PutraARIFF IZHAM BIN ABD* CS-0223081
2026-07-01,9.60,Celsius Coffee PutraARIFF IZHAM BIN ABD* JGCI2617818601
2026-07-01,57.00,Celsius Coffee PutraARIFF IZHAM BIN ABD* 35240058274030
2026-07-01,25.70,Celsius Coffee PutraARIFF IZHAM BIN ABD* JGCI2617116002
2026-07-01,14.00,Celsius Coffee PutraARIFF IZHAM BIN ABD* 2901161285526
2026-07-01,6.70,Celsius Coffee PutraARIFF IZHAM BIN ABD* JGCI2617020002
2026-07-01,22.15,Celsius Coffee Shah ARIFF IZHAM BIN ABD* POS11-1052735
2026-07-01,20.95,Celsius Coffee NilaiARIFF IZHAM BIN ABD* 314821349/102/
2026-07-01,12.30,Celsius Coffee Shah ARIFF IZHAM BIN ABD* HP022060619007
2026-07-01,15.95,Celsius Coffee NilaiARIFF IZHAM BIN ABD* 299021355/102/
2026-07-01,51.65,Celsius Coffee Shah ARIFF IZHAM BIN ABD* POS5-1098814
2026-07-01,27.60,Celsius Coffee Shah ARIFF IZHAM BIN ABD* 10150320260622
2026-07-01,27.00,Celsius Coffee NilaiARIFF IZHAM BIN ABD* 35211967986162
2026-07-01,43.45,Celsius Coffee Shah ARIFF IZHAM BIN ABD* INV-0002
2026-07-01,2.75,Celsius Coffee Shah ARIFF IZHAM BIN ABD* 299021355/102/
2026-07-01,13.70,Celsius Coffee Shah ARIFF IZHAM BIN ABD* CS10439496
2026-07-01,17.00,Celsius Coffee NilaiARIFF IZHAM BIN ABD* ZI95-T3-429892
2026-07-01,27.00,Celsius Coffee NilaiARIFF IZHAM BIN ABD* 35211967986162
2026-07-01,21.50,Celsius Coffee Shah ARIFF IZHAM BIN ABD* CSS13-00020908
2026-07-01,17.20,Celsius Coffee Shah ARIFF IZHAM BIN ABD* 35220351197519
2026-07-01,2115.00,Celsius Coffee Shah COLLECTIVE PROJECT * IV-02051
2026-07-01,1743.03,CelsiusCoffee POKET CAPITAL SDN. * Shared service
2026-07-01,35.00,Celsius Coffee Shah ARIFF IZHAM BIN ABD* 35212418114253
2026-07-01,30.60,Celsius Coffee Shah ARIFF IZHAM BIN ABD* H0290620260620
2026-07-01,57.55,Celsius Coffee Shah ARIFF IZHAM BIN ABD* 139015CLAIM
2026-07-01,22.00,Celsius Coffee Shah ARIFF IZHAM BIN ABD* 35181233696963
2026-07-01,49.10,Celsius Coffee Shah ARIFF IZHAM BIN ABD* GB27-28062026
2026-07-01,108.40,Celsius Coffee Shah ARIFF IZHAM BIN ABD* ZI23-T3-434778
2026-07-01,432.00,Celsius Coffee Shah MILK & MOKA MARKETI* IVCT-00011942
2026-07-01,15.25,Celsius Coffee Shah ARIFF IZHAM BIN ABD* 314821362/102/
2026-07-01,8.90,Celsius Coffee PutraARIFF IZHAM BIN ABD* PiOI2202606070
2026-07-01,44.00,Celsius Coffee TamarARIFF IZHAM BIN ABD* CS-0222504
2026-07-01,124.00,Celsius Coffee PutraARIFF IZHAM BIN ABD* CS-0222496
2026-07-01,21.70,Celsius Coffee PutraARIFF IZHAM BIN ABD* JGCI2617009602
2026-07-01,6.40,Celsius Coffee PutraARIFF IZHAM BIN ABD* PIO11202606200
2026-07-01,72.00,Celsius Coffee PutraARIFF IZHAM BIN ABD* JGCI2617813602
2026-07-03,336.00,CELSIUS COFFEE PUTRACATELUX ENTERPRISE * F26061543A
2026-07-03,995.35,Celsius Coffee PutraBGS TRADING SDN. BH* KIV260610876
2026-07-03,679.68,CELSIUS COFFEE PUTRATMM RESOURCES * 1-15149
2026-07-04,1152.00,CELSIUS COFFEE PUTRAKUALA LUMPUR FRIED * 00654369
2026-07-04,679.68,CELSIUS COFFEE NILAITMM RESOURCES * 1-15151
2026-07-04,486.00,Celsius Coffee Shah GLOBAL COFFEE RESOU* INV-10067418
2026-07-04,409.60,Celsius Coffee TamarGLOBAL COFFEE RESOU* INV-10064463
2026-07-05,509.76,CELSIUS COFFEE TAMARTMM RESOURCES * 1-15150
2026-07-05,280.00,CELSIUS COFFEE PUTRABLANCOZ SDN BHD * 26-0644
2026-07-06,1138.00,Celsius Coffee PutraGLOBAL COFFEE RESOU* INV-10067274
2026-07-06,594.72,CELSIUS COFFEE PUTRATMM RESOURCES * 1-15180
2026-07-07,88.00,Celsius Shah Alam ARIFF IZHAM BIN ABD* Lala20261
2026-07-07,432.00,Celsius Shah Alam MILK & MOKA MARKETI* IVCT-00012166
2026-07-07,28.95,Celsius Shah Alam ARIFF IZHAM BIN ABD* Giant 030726
2026-07-07,489.00,CELSIUS SHAH ALAM YOW SENG SDN BHD * YSIV2606-0495
2026-07-07,23.00,Celsius Coffee NilaiARIFF IZHAM BIN ABD* 35298508158147
2026-07-07,719.60,"Celsius Shah Alam PTS FOOD DISTRIBUTI* PG776,PL0979"
2026-07-07,31.80,Celsius Shah Alam ARIFF IZHAM BIN ABD* CCSA04072026
2026-07-07,1191.50,Celsius Shah Alam COUNTRY BREAD BAKER* 568 587 553 54
2026-07-07,432.60,CELSIUS SHAH ALAM YOW SENG SDN BHD * YSIV2606-0349
2026-07-07,436.40,Celsius Putrajaya GLOBAL COFFEE RESOU* INV10068079
2026-07-07,205.00,Celsius Putrajaya ARIFF IZHAM BIN ABD* 007
2026-07-07,270.00,Celsius Putrajaya YOW SENG SDN BHD * YSIV2606 0209
2026-07-07,870.60,Celsius Putrajaya JG PACIFIC FOODS SD* 26061153
2026-07-07,22.15,Celsius Putrajaya ARIFF IZHAM BIN ABD* JGC12618015601
2026-07-07,231.20,Celsius Putrajaya MUHAMAD SYAFIQ AIMA* Iv 05663
2026-07-07,255.00,Celsius Putrajaya ELITE PAC SDN BHD * IV00176
2026-07-07,797.40,Celsius Putrajaya PTS FOOD DISTRIBUTI* PL26070252 PF2
2026-07-08,350.00,SHAH ALAM SYED ALI SHAH * 263 MAINTENANC
2026-07-08,530.00,Celsius Coffee IOI MESHA GLOBAL SERVICE* 710
2026-07-08,639.00,PUTRAJAYA ARYZTA FOOD SOLUTIO* INV0861406
2026-07-08,631.20,Shah Alam RICH PRODUCTS (MALA* RTPM-SO117942
2026-07-08,148.00,SHAH ALAM BLANCOZ SDN BHD * 26-0676
2026-07-08,1825.00,Celsius Coffee NilaiESHA GLOBAL SERVICE* 709
2026-07-08,745.30,SHAH ALAM JG PACIFIC FOODS SD* 26070079
2026-07-09,6.70,Putrajaya ARIFF IZHAM BIN ABD* JGC12618419601
2026-07-09,88.30,Putrajaya ARIFF IZHAM BIN ABD* JGCI2610419601
2026-07-09,210.00,Putrajaya ARIFF IZHAM BIN ABD* SKBN1120260705
2026-07-09,281.50,Putrajaya COLLECTIVE PROJECT * IV-02103 depo
2026-07-09,168.80,Putrajaya ARIFF IZHAM BIN ABD* A-9HM7GOPGWR55
2026-07-09,189.30,Tamarind COLLECTIVE PROJECT * IV-02105 depo
2026-07-09,21.00,Tamarind ARIFF IZHAM BIN ABD* 35283710583171
2026-07-09,13.90,Tamarind ARIFF IZHAM BIN ABD* Z195-T3-431939
2026-07-09,32.95,Putrajaya ARIFF IZHAM BIN ABD* A-9HLWVHGW2TOM
2026-07-09,94.95,Shah Alam ARIFF IZHAM BIN ABD* SAS91220260702
2026-07-09,235.00,Shah Alam COLLECTIVE PROJECT * IV-02104 depo
2026-07-09,14.70,Shah Alam ARIFF IZHAM BIN ABD* CSS13-00021372
2026-07-09,21.00,Shah Alam ARIFF IZHAM BIN ABD* R000484438
2026-07-09,432.00,Shah Alam MILK & MOKA MARKETI* IVCT-00012064
2026-07-09,10.00,IOI Mall ARIFF IZHAM BIN ABD* 06202
2026-07-09,33.20,IOI Mall ARIFF IZHAM BIN ABD* CSS13-00021503
2026-07-09,41.55,Shah Alam ARIFF IZHAM BIN ABD* 1907-105747
2026-07-09,19.20,Tamarind ARIFF IZHAM BIN ABD* 35284262689054
2026-07-09,33.90,Tamarind ARIFF IZHAM BIN ABD* 000VTS-P080006
2026-07-09,49.90,Tamarind ARIFF IZHAM BIN ABD* 618511293476
2026-07-09,8.90,Putrajaya ARIFF IZHAM BIN ABD* JGC12618316001
2026-07-09,55.40,Putrajaya ARIFF IZHAM BIN ABD* R000124244
2026-07-09,295.00,Putrajaya ARIFF IZHAM BIN ABD* ZTJUNE2026
2026-07-10,8.00,Tamarind ARIFF IZHAM BIN ABD* CS-0225242
2026-07-10,33.80,Tamarind ARIFF IZHAM BIN ABD* 000IVTS-POB000
2026-07-10,30.00,Tamarind ARIFF IZHAM BIN ABD* CS-0225187
2026-07-10,320.00,Tamarind JS BREADSERIE ENTER* SO-00668
2026-07-10,341.04,TAMARIND PASTRY WORLD SDN. B* SO2607/0719
2026-07-10,26.80,Tamarind ARIFF IZHAM BIN ABD* 000VTS-P080006
2026-07-10,494.00,TAMARIND DANKOFF SDN BHD * IN6000158131
2026-07-10,27.80,Tamarind ARIFF IZHAM BIN ABD* R000301474
2026-07-10,44.20,Shah Alam ARIFF IZHAM BIN ABD* 13491026070317
2026-07-10,17.90,IOI Mall ARIFF IZHAM BIN ABD* ZI95-T4-373014
2026-07-10,995.35,Shah Alam BGS TRADING SDN. BH* KIV260617220
2026-07-10,432.00,Shah Alam MILK & MOKA MARKETI* 1-15150
2026-07-10,432.00,Shah Alam MILK & MOKA MARKETI* IVCT-00012222
2026-07-10,49.00,Shah Alam ARIFF IZHAM BIN ABD* CS-0225304
2026-07-10,432.00,Shah Alam MILK & MOKA MARKETI* IVCT-00012222
2026-07-10,11.30,Shah Alam ARIFF IZHAM BIN ABD* 314821371/102/
2026-07-10,181.00,Shah Alam ARIFF IZHAM BIN ABD* F26071054
2026-07-10,37.00,Shah Alam ARIFF IZHAM BIN ABD* 10150620260705
2026-07-10,618.45,SHAH ALAM DANKOFF SDN BHD * IN600159065
2026-07-10,455.00,SHAH ALAM PXL MARKETING SDN B* 150524
2026-07-10,320.00,Shah Alam JS BREADSERIE ENTER* SO-00666
2026-07-10,341.04,SHAH ALAM PASTRY WORLD SDN. B* SO26070722
2026-07-10,29.70,Shah Alam ARIFF IZHAM BIN ABD* 3BA271E70AD638
2026-07-10,110.00,Putrajaya ARIFF IZHAM BIN ABD* JGC12618613602
2026-07-10,8.40,Putrajaya ARIFF IZHAM BIN ABD* R000124623
2026-07-10,679.68,Putrajaya TMM RESOURCES * 1 15265
2026-07-10,341.04,PUTRAJAYA PASTRY WORLD SDN. B* SO2607/0715
2026-07-10,320.00,Putrajaya JS BREADSERIE ENTER* SO-00667
2026-07-10,1780.00,PUTRAJAYA EIGHTY EIGHT FAHREN* I-10819
2026-07-10,280.00,Putrajaya BLANCOZ SDN BHD * 26 0675
2026-07-10,6.00,Putrajaya ARIFF IZHAM BIN ABD* JGC12618515601
2026-07-10,509.76,Putrajaya TMM RESOURCES * 1 15277
2026-07-10,7.00,Putrajaya ARIFF IZHAM BIN ABD* 1470241566
2026-07-13,792.25,Putrajaya BGS TRADING SDN. BH* KIV260617216
2026-07-13,2533.50,Putrajaya COLLECTIVE PROJECT * IV-02070 - Bal
2026-07-13,615.65,PUTRAJAYA DANKOFF SDN BHD * IN600159064
2026-07-13,964.95,PUTRAJAYA JG PACIFIC FOODS SD* 26070229
2026-07-13,2461.00,Celsius Putrajaya COUNTRY BREAD BAKER* INV006546 0065
2026-07-13,465.00,CELSIUS COFFEE TAMARPXL MARKETING SDN B* 150434
2026-07-13,486.40,GLOBAL COFFEE RESOU* INV 10067419
2026-07-13,679.68,TAMARIND TMM RESOURCES * 1-15266
2026-07-13,1703.70,Tamarind COLLECTIVE PROJECT * IV-02071 - Bal
2026-07-13,490.00,TAMARIND 365EAT FOOD SDN BHD* 365IN2607-0033
2026-07-13,1072.00,"CELSIUS COFFEE TAMARCOUNTRY BREAD BAKER* INV-006545, 00"
2026-07-13,475.35,Tamarind BGS TRADING SDN. BH* KIV260617218
2026-07-13,2115.00,Shah Alam COLLECTIVE PROJECT * IV-02069 - Bal
2026-07-14,212.30,Putrajaya ARIFF IZHAM BIN ABD* A-9ILMEXFWWI5L
2026-07-14,148.00,Tamarind BLANCOZ SDN BHD * 26 0677
2026-07-14,594.72,TAMARIND TMM RESOURCES * 1-15366
2026-07-14,207.10,Nilai ARIFF IZHAM BIN ABD* A-9IQ3OA8WWN6B
2026-07-14,768.00,Shah Alam KUALA LUMPUR FRIED * 00653452
2026-07-14,105.20,Shah Alam ARIFF IZHAM BIN ABD* A-9I5JP52GX89M
2026-07-14,240.00,SHAH ALAM ELITE PAC SDN BHD * IV-00188
2026-07-14,768.00,Shah Alam KUALA LUMPUR FRIED * 00653452
2026-07-14,87.50,Shah Alam ARIFF IZHAM BIN ABD* A-9IUTFMNGWQU4
2026-07-14,136.70,Shah Alam ARIFF IZHAM BIN ABD* A-9I9OFA3WW3JS
2026-07-14,426.00,SHAH ALAM ARYZTA FOOD SOLUTIO* INV0863113
2026-07-14,240.00,PUTRAJAYA ELITE PAC SDN BHD * IV-00189
2026-07-14,946.80,Putrajaya RICH PRODUCTS (MALA* RTPM-SO118661
2026-07-14,768.00,PUTRAJAYA KUALA LUMPUR FRIED * 00655567
2026-07-14,639.00,PUTRAJAYA ARYZTA FOOD SOLUTIO* INV0863106
2026-07-15,330.00,Putrajaya JS BREADSERIE ENTER* SO-00658
2026-07-15,158.50,TAMARIND YOW SENG SDN BHD * YSIV2606-1154
2026-07-15,522.00,TAMARIND YOW SENG SDN BHD * YSIV2606-0208
2026-07-15,112.50,TAMARIND YOW SENG SDN BHD * INV-1152
2026-07-15,527.40,TAMARIND YOW SENG SDN BHD * YSIV2606-1688
2026-07-15,189.30,Tamarind COLLECTIVE PROJECT * IV-02117 Depo
2026-07-15,336.00,PUTRAJAYA CATELUX ENTERPRISE * F26071435
2026-07-15,389.00,TAMARIND YOW SENG SDN BHD * YSIV2606-0577
2026-07-15,242.70,TAMARIND YOW SENG SDN BHD * INV-1934
2026-07-15,368.02,TAMARIND YOW SENG SDN BHD * YSIV2606-2224
2026-07-15,320.00,Tamarind JS BREADSERIE ENTER* SO-00656
2026-07-15,347.90,PUTRAJAYA YOW SENG SDN BHD * YSIV2606-1176
2026-07-15,263.00,PUTRAJAYA YOW SENG SDN BHD * YSIV2606-0769
2026-07-15,281.50,Putrajaya COLLECTIVE PROJECT * IV-02115 Depo
2026-07-15,644.30,PUTRAJAYA YOW SENG SDN BHD * INV-1933
2026-07-15,293.00,PUTRAJAYA YOW SENG SDN BHD * YSIV2606-2223
2026-07-15,402.50,PUTRAJAYA YOW SENG SDN BHD * YSIV2606-0578
2026-07-15,210.00,PUTRAJAYA YOW SENG SDN BHD * YSIV2606-0941
2026-07-15,1312.30,PUTRAJAYA YOW SENG SDN BHD * INV-1844
2026-07-16,123.00,Shah Alam ARIFF IZHAM BIN ABD* INV-15371
2026-07-16,432.00,Shah Alam MILK & MOKA MARKETI* IVCT-00012381
2026-07-16,156.50,SHAH ALAM YOW SENG SDN BHD * YSIV2606-2138
2026-07-16,471.00,Shah Alam NYC TREATS RESOURCE* 1217
2026-07-16,873.00,Nilai COLLECTIVE PROJECT * IV-02075 Bal
2026-07-16,468.20,SHAH ALAM YOW SENG SDN BHD * INV-1164
2026-07-16,181.59,Putrajaya ARIFF IZHAM BIN ABD* 260703PF9WD85K
2026-07-16,20.00,Putrajaya ARIFF IZHAM BIN ABD* 35362053280248
2026-07-16,107.10,Putrajaya ARIFF IZHAM BIN ABD* 260705TF7F8MMN
2026-07-16,518.40,Shah Alam MILK & MOKA MARKETI* IVCT-00012324
2026-07-16,436.00,SHAH ALAM YOW SENG SDN BHD * INV-1880
2026-07-16,135.30,Shah Alam ARIFF IZHAM BIN ABD* 260624V646K00N
2026-07-16,31.00,Nilai ARIFF IZHAM BIN ABD* 35377185568736
2026-07-16,618.45,SHAH ALAM DANKOFF SDN BHD * IN600159835
2026-07-16,439.60,SHAH ALAM YOW SENG SDN BHD * YSIV2606-0903
2026-07-16,327.80,SHAH ALAM YOW SENG SDN BHD * YSIV2606-1051
2026-07-16,21.60,IOI Mall ARIFF IZHAM BIN ABD* JGCI2619318601
2026-07-16,216.40,Shah Alam COLLECTIVE PROJECT * IV-02116 Depo
2026-07-16,273.30,SHAH ALAM YOW SENG SDN BHD * YSIV2606-1387
2026-07-16,420.00,Putrajaya MULTI-WAYS PACKAGIN* E-00017639
2026-07-16,21.00,Tamarind ARIFF IZHAM BIN ABD* 35357976433353
2026-07-16,15.00,Tamarind ARIFF IZHAM BIN ABD* 35376465191656
2026-07-16,509.76,TAMARIND TMM RESOURCES * 1-15415
2026-07-16,32.40,Putrajaya ARIFF IZHAM BIN ABD* JGC12619417602
2026-07-16,13.60,Putrajaya ARIFF IZHAM BIN ABD* 35320242295644
2026-07-16,509.76,PUTRAJAYA TMM RESOURCES * IVCT-00012381
2026-07-16,281.00,Putrajaya ARIFF IZHAM BIN ABD* 260622QSGF4GE0
2026-07-16,209.70,Putrajaya ARIFF IZHAM BIN ABD* 15980261971200
2026-07-16,347.50,Shah Alam JS BREADSERIE ENTER* SO-00657
2026-07-17,355.00,Tamarind JIJUS CAKES TO SHAR* IV5285
2026-07-17,355.00,TAMARIND JIJUS CAKES TO SHAR* IV5328
2026-07-17,455.00,PUTRAJAYA JIJUS CAKES TO SHAR* IV5329
2026-07-17,969.10,PUTRAJAYA YOW SENG SDN BHD * YSIV2606-1479
2026-07-17,455.00,Putrajaya JIJUS CAKES TO SHAR* IV5286
2026-07-18,1464.30,PUTRAJAYA YOW SENG SDN BHD * YSIV2606-1689
2026-07-20,490.00,PUTRAJAYA 365EAT FOOD SDN BHD* 365IN2607-0019
2026-07-20,679.68,NILAI TMM RESOURCES * 1-15441
2026-07-20,320.00,Shah Alam JS BREADSERIE ENTER* SO-00678
2026-07-20,181.00,Putrajaya ARIFF IZHAM BIN ABD* F26071056
2026-07-20,590.00,PUTRAJAYA XORA ENTERPRISE SDN* SO-31842
2026-07-20,22.88,Putrajaya ARIFF IZHAM BIN ABD* RF18072026AM
2026-07-20,932.20,SHAH ALAM YOW SENG SDN BHD * YSIV2606-1644
2026-07-20,120.00,Shah Alam ARIFF IZHAM BIN ABD* 2026-0717-001
2026-07-20,2136.00,SHAH ALAM EIGHTY EIGHT FAHREN* I-10824
2026-07-20,355.00,SHAH ALAM JIJUS CAKES TO SHAR* IV5327
2026-07-20,590.00,SHAH ALAM XORA ENTERPRISE SDN* SO-31844
2026-07-20,490.00,SHAH ALAM 365EAT FOOD SDN BHD* 365IN2607-0020
2026-07-20,894.00,Shah Alam NYC TREATS RESOURCE* 1216
2026-07-20,590.00,TAMARIND XORA ENTERPRISE SDN* SO-31843
2026-07-20,355.00,Shah Alam JIJUS CAKES TO SHAR* IV5284
2026-07-20,230.00,Tamarind JS BREADSERIE ENTER* SO-00679
2026-07-20,606.00,Shah Alam NYC TREATS RESOURCE* 1220
2026-07-20,909.15,SHAH ALAM DANKOFF SDN BHD * IN600161377
2026-07-20,924.00,Putrajaya NYC TREATS RESOURCE* 1215
2026-07-20,320.00,Putrajaya JS BREADSERIE ENTER* SO-00677
2026-07-20,679.68,Putrajaya TMM RESOURCES * 1 15386
2026-07-21,587.30,TAMARIND TMM RESOURCES * 1-15496
2026-07-21,490.00,TAMARIND 365EAT FOOD SDN BHD* 365IN2607-0056
2026-07-21,419.00,Tamarind NYC TREATS RESOURCE* 1223
2026-07-21,1703.70,Tamarind COLLECTIVE PROJECT * IV-02074 Bal
2026-07-21,937.00,Putrajaya NYC TREATS RESOURCE* 1222
2026-07-21,375.00,PUTRAJAYA 365EAT FOOD SDN BHD* 365IN2607-0054
2026-07-21,2533.50,Putrajaya COLLECTIVE PROJECT * IV-02072 Bal
2026-07-21,414.00,Shah Alam NYC TREATS RESOURCE* 1221
2026-07-21,419.50,SHAH ALAM TMM RESOURCES * 1-15497
2026-07-21,2115.00,Shah Alam COLLECTIVE PROJECT * IV-02073
2026-07-21,380.00,SHAH ALAM JIJUS CAKES TO SHAR* IV5371
2026-07-21,375.00,SHAH ALAM 365EAT FOOD SDN BHD* 365IN2607-0055
2026-07-22,181.00,SHAH ALAM CATELUX ENTERPRISE * F26072130
2026-07-22,248.00,PUTRAJAYA BLANCOZ SDN BHD * 26-0745
2026-07-22,181.00,PUTRAJAYA CATELUX ENTERPRISE * F26072131
2026-07-22,887.00,PUTRAJAYA TMM RESOURCES * 1-15473
2026-07-22,328.00,Putrajaya COLLECTIVE PROJECT * IV-02135 Depo
2026-07-22,248.00,PUTRAJAYA BLANCOZ SDN BHD * 26-0712
2026-07-22,148.00,TAMARIND BLANCOZ SDN BHD * 26-0714
2026-07-22,148.00,TAMARIND BLANCOZ SDN BHD * 26-0714
2026-07-22,255.00,SHAH ALAM 365EAT FOOD SDN BHD* 365IN2607-0074
2026-07-22,97.00,Nilai COLLECTIVE PROJECT * IV-02138 Depo
2026-07-22,148.00,SHAH ALAM BLANCOZ SDN BHD * 26-0746
2026-07-22,148.00,SHAH ALAM BLANCOZ SDN BHD * 26-0713
2026-07-22,148.00,SHAH ALAM BLANCOZ SDN BHD * 26-0713
2026-07-22,573.60,"Shah Alam PTS FOOD DISTRIBUTI* PF26070854, PG"
2026-07-22,281.50,Shah Alam COLLECTIVE PROJECT * IV-02136 Depo
2026-07-22,1315.20,SHAH ALAM JG PACIFIC FOODS SD* 26070662
2026-07-23,739.20,SHAH ALAM AIRCON HERO SDN. BH* 61236
2026-07-23,931.10,PUTRAJAYA DANKOFF SDN BHD * IN600161742
2026-07-24,53.39,Putrajaya ARIFF IZHAM BIN ABD* 260705TFJTMEHX
2026-07-24,26.90,Putrajaya ARIFF IZHAM BIN ABD* 260705TFAQ72N9
2026-07-24,20.00,PUTRAJAYA ADAM KELVIN * 35456668855270
2026-07-24,61.19,Putrajaya ARIFF IZHAM BIN ABD* 260629CHKGCUK2
2026-07-24,30.00,Putrajaya ARIFF IZHAM BIN ABD* 260630EVG6W960
2026-07-24,28.10,Putrajaya ARIFF IZHAM BIN ABD* 07072026120349
2026-07-24,129.00,Putrajaya ARIFF IZHAM BIN ABD* 260701H55SYWR4
2026-07-24,587.30,PUTRAJAYA TMM RESOURCES * 1-15526
2026-07-24,22.55,Putrajaya ARIFF IZHAM BIN ABD* 260630F74UE8DK
2026-07-24,490.00,PUTRAJAYA 365EAT FOOD SDN BHD* 365IN2607-0079
2026-07-24,12.00,Putrajaya ARIFF IZHAM BIN ABD* R000208331
2026-07-24,16.50,Putrajaya ARIFF IZHAM BIN ABD* JGCI2619616602
2026-07-24,91.82,Putrajaya ARIFF IZHAM BIN ABD* SPWMS202606088
2026-07-24,5.90,Putrajaya ARIFF IZHAM BIN ABD* JGCI2618619601
2026-07-24,655.00,Putrajaya MULTI-WAYS PACKAGIN* Pro.Inv-002365
2026-07-24,1085.94,PUTRAJAYA YOW SENG SDN BHD * YSIV2605-0245
2026-07-24,110.00,PUTRAJAYA ELITE PAC SDN BHD * IV-00204
2026-07-24,12.80,Putrajaya ARIFF IZHAM BIN ABD* JGCI2619310003
2026-07-24,42.60,Putrajaya ARIFF IZHAM BIN ABD* JGCI2619513001
2026-07-24,37.50,Putrajaya ARIFF IZHAM BIN ABD* CS-0225810
2026-07-24,12.61,Putrajaya ARIFF IZHAM BIN ABD* 2606251ETFWKKX
2026-07-24,61.00,Putrajaya ARIFF IZHAM BIN ABD* 260619F46PQC6Q
2026-07-24,21.20,Putrajaya ARIFF IZHAM BIN ABD* 000VTS-P080006
2026-07-24,20.30,SHAH ALAM ADAM KELVIN * 35414002984363
2026-07-24,30.50,Shah Alam ARIFF IZHAM BIN ABD* CS10443668
2026-07-24,61.00,Shah Alam ARIFF IZHAM BIN ABD* 260619F44MY3WT
2026-07-24,97.52,Shah Alam ARIFF IZHAM BIN ABD* SPWMS202607013
2026-07-24,441.00,Shah Alam MILK & MOKA MARKETI* IVCT-00012542
2026-07-24,129.50,Shah Alam ARIFF IZHAM BIN ABD* H0290320260710
2026-07-24,26.20,IOI Mall ARIFF IZHAM BIN ABD* JGCI2620417601
2026-07-24,22.40,Shah Alam ARIFF IZHAM BIN ABD* 10150520260710
2026-07-24,25.00,Shah Alam ARIFF IZHAM BIN ABD* GRNI-2714
2026-07-24,7.90,Shah Alam ARIFF IZHAM BIN ABD* 0426070726
2026-07-24,86.88,Shah Alam ARIFF IZHAM BIN ABD* 260629CCN9CUMY
2026-07-24,380.00,SHAH ALAM JIJUS CAKES TO SHAR* IV5395
2026-07-24,45.25,Shah Alam ARIFF IZHAM BIN ABD* 1015032026C713
2026-07-24,110.00,SHAH ALAM ELITE PAC SDN BHD * IV-00205
2026-07-24,19.90,Shah Alam ARIFF IZHAM BIN ABD* 2606156HCNFACE
2026-07-24,87.80,Shah Alam ARIFF IZHAM BIN ABD* SAS91320260708
2026-07-24,26.98,Shah Alam ARIFF IZHAM BIN ABD* 260622QRM191R7
2026-07-24,14.22,Shah Alam ARIFF IZHAM BIN ABD* 2606263T7E4F08
2026-07-24,129.98,Shah Alam ARIFF IZHAM BIN ABD* 260701H57SVRKH
2026-07-24,26.00,NILAI ADAM KELVIN * 35458800650721
2026-07-24,26.00,Shah Alam ARIFF IZHAM BIN ABD* H0290120260710
2026-07-24,26.79,Tamarind ARIFF IZHAM BIN ABD* 260707312H9TXF
2026-07-24,33.30,Tamarind ARIFF IZHAM BIN ABD* 260618CYEHSCMQ
2026-07-24,22.52,Tamarind ARIFF IZHAM BIN ABD* 260704RV8GH6BQ
2026-07-24,23.30,Tamarind ARIFF IZHAM BIN ABD* ZI95-T2-302263
2026-07-24,19.20,Tamarind ARIFF IZHAM BIN ABD* 35284262689054
2026-07-24,375.00,TAMARIND 365EAT FOOD SDN BHD* 365IN2607-0080
2026-07-24,76.46,Tamarind ARIFF IZHAM BIN ABD* 260704RV4ESGFK
2026-07-24,21.00,Tamarind ARIFF IZHAM BIN ABD* 35283710583171
2026-07-24,17.10,Tamarind ARIFF IZHAM BIN ABD* 000VTS-P080006
2026-07-24,32.39,Tamarind ARIFF IZHAM BIN ABD* 000VTS-POB0006
2026-07-24,235.80,Tamarind COLLECTIVE PROJECT * IV-02137
2026-07-24,60.70,Tamarind ARIFF IZHAM BIN ABD* CS-0226207
2026-07-24,16.30,Tamarind ARIFF IZHAM BIN ABD* 010133
2026-07-24,18.00,Tamarind ARIFF IZHAM BIN ABD* CS-0226346
2026-07-24,45.35,Tamarind ARIFF IZHAM BIN ABD* 000VTS-P080006
2026-07-24,151.50,TAMARIND YOW SENG SDN BHD * YSIV2605-1766
2026-07-24,19.60,Tamarind ARIFF IZHAM BIN ABD* ZI95-T2-302493
2026-07-24,21.00,Tamarind ARIFF IZHAM BIN ABD* 35357976433537
2026-07-24,16.75,Tamarind ARIFF IZHAM BIN ABD* 000VTS-P080006
2026-07-24,116.48,Tamarind ARIFF IZHAM BIN ABD* 260701H53Q4X5F
2026-07-27,15.70,Shah Alam ARIFF IZHAM BIN ABD* 466932
2026-07-27,5.70,Putrajaya ARIFF IZHAM BIN ABD* JGCI2619718001
2026-07-27,33.95,Putrajaya ARIFF IZHAM BIN ABD* A-9KK739SGX86L
2026-07-27,6.40,Putrajaya ARIFF IZHAM BIN ABD* GRNI-2811
2026-07-27,5.70,Tamarind ARIFF IZHAM BIN ABD* JGCI2620020601
2026-07-27,17.45,Shah Alam ARIFF IZHAM BIN ABD* 0426072065
2026-07-27,19.80,Tamarind ARIFF IZHAM BIN ABD* R000436678
2026-07-27,230.00,Shah Alam JS BREADSERIE ENTER* SO-00686
2026-07-27,1152.00,PUTRAJAYA KUALA LUMPUR FRIED * 00656906
2026-07-27,28.15,Putrajaya ARIFF IZHAM BIN ABD* JGCI2619910001
2026-07-27,65.40,Putrajaya ARIFF IZHAM BIN ABD* ZI95-T3-439111
2026-07-27,157.36,Putrajaya ARIFF IZHAM BIN ABD* SPWMS202607069
2026-07-27,15.90,Putrajaya ARIFF IZHAM BIN ABD* R000209076
2026-07-27,23.00,Putrajaya ARIFF IZHAM BIN ABD* GRNI-2811
2026-07-27,15.60,Putrajaya ARIFF IZHAM BIN ABD* JGT2261590100/
2026-07-27,280.00,Shah Alam ARIFF IZHAM BIN ABD* INV-20260725-0
2026-07-27,201.00,Shah Alam ARIFF IZHAM BIN ABD* A-9KRMOLCGWXB8
2026-07-27,490.00,SHAH ALAM 365EAT FOOD SDN BHD* 365IN2607-0089
2026-07-27,66.55,Shah Alam ARIFF IZHAM BIN ABD* 260716S84U8PPK
2026-07-27,432.00,Shah Alam MILK & MOKA MARKETI* IvCT 00012381
2026-07-27,94.00,Shah Alam ARIFF IZHAM BIN ABD* 2607194VH7Q7M1
2026-07-27,89.20,Shah Alam ARIFF IZHAM BIN ABD* 2607218NUKTHYC
2026-07-27,109.40,Shah Alam ARIFF IZHAM BIN ABD* 260716S91W3KHH
2026-07-27,56.00,Shah Alam ARIFF IZHAM BIN ABD* 260714N5SFDR0P
2026-07-27,26.70,Shah Alam ARIFF IZHAM BIN ABD* CSS13-00022676
2026-07-27,341.04,SHAH ALAM PASTRY WORLD SDN. B* SO2607/2827
2026-07-27,38.50,Putrajaya ARIFF IZHAM BIN ABD* 260713HXXY8TAS
2026-07-27,25.50,Putrajaya ARIFF IZHAM BIN ABD* R000209741
2026-07-27,17.10,Putrajaya ARIFF IZHAM BIN ABD* R000127013
2026-07-27,121.50,Putrajaya ARIFF IZHAM BIN ABD* JGC12620110602
2026-07-27,13.60,Putrajaya ARIFF IZHAM BIN ABD* JGCI2620016002
2026-07-27,96.52,Shah Alam ARIFF IZHAM BIN ABD* 260714N5Q42KKE
2026-07-27,30.26,Shah Alam ARIFF IZHAM BIN ABD* 260713HXR5V7BF
2026-07-27,29.38,Tamarind ARIFF IZHAM BIN ABD* 260710B649027D
2026-07-27,17.30,Tamarind ARIFF IZHAM BIN ABD* 35428751052040
2026-07-27,230.00,Tamarind JS BREADSERIE ENTER* SO-00687
2026-07-27,75.00,Tamarind ARIFF IZHAM BIN ABD* CS-0227878
2026-07-27,341.04,TAMARIND PASTRY WORLD SDN. B* SO2607/2823
2026-07-27,110.00,Tamarind ARIFF IZHAM BIN ABD* CS-0226941
2026-07-27,40.70,Putrajaya ARIFF IZHAM BIN ABD* JGCI2619911002
2026-07-27,320.00,Putrajaya JS BREADSERIE ENTER* SO-00685
2026-07-27,2269.50,PUTRAJAYA JG PACIFIC FOODS SD* 26070815
2026-07-27,43.23,Putrajaya ARIFF IZHAM BIN ABD* 260713HYE8J12C
2026-07-27,42.50,Putrajaya ARIFF IZHAM BIN ABD* R000126793
2026-07-27,1152.00,PUTRAJAYA KUALA LUMPUR FRIED * 00657626
2026-07-27,5.90,Putrajaya ARIFF IZHAM BIN ABD* JGCI2620015002
2026-07-27,6.70,Putrajaya ARIFF IZHAM BIN ABD* JGCI2620017601
2026-07-27,37.10,Putrajaya ARIFF IZHAM BIN ABD* R000209697
2026-07-27,122.35,IOI Mall ARIFF IZHAM BIN ABD* JGCI2620612602
